id,flyFrom,flyTo,cityFrom,cityTo,price,airlines
0f64125b4bd84beda8fedd1d_0|125b00424bd90000c5585ec2_0|004220a14bda0000674a5699_0|0f64125b4bd84beda8fedd1d_1,LHR,JFK,London,New York,481,"BA, N0, FR"
0f6400424bd800002c6bd556_0|0f6400424bd800002c6bd556_1|004220a14bd80000403dffc8_0,LHR,JFK,London,New York,491,"SK, N0"
0f640b774bd80000ccb8685a_0|0f640b774bd80000ccb8685a_1|0b7700424bd900005a4ddc99_0|004220a14bda0000674a5699_0,LHR,JFK,London,New York,495,"A3, N0, FR"
0f64125b4bd84be646a0e1fc_0|125b07f04bd90000a9ca4ad8_0|07f020a14bda000086e895cf_0|0f64125b4bd84be646a0e1fc_1,LHR,JFK,London,New York,512,"BA, NO, FR"
0f64125b4bd800000fe69dc6_0|125b00424bd90000c5585ec2_0|004220a14bda0000674a5699_0,LHR,JFK,London,New York,512,"N0, EI, FR"
0f64125b4bd84beda8fedd1d_0|125b07f04bd90000a9ca4ad8_0|07f020a14bda000086e895cf_0|0f64125b4bd84beda8fedd1d_1,LHR,JFK,London,New York,517,"BA, NO, FR"
0f6422ad4bd80000df82c160_0|22ad093e4bd90000bf01433e_0|093e20a14bd90000769b07fa_0|093e20a14bd90000769b07fa_1,LHR,JFK,London,New York,519,"U2, S4, BA"
0f640a2b4bd800000afe1554_0|0a2b07f04bd90000d97da520_0|07f020a14bda000086e895cf_0,LHR,JFK,London,New York,525,"BA, NO, FR"
0f641cce4bd800006a6d37fd_0|1cce20a14bd80000f75db5e7_0,LHR,JFK,London,New York,529,"SK, N0"
0f64125b4bd80000e85eb0c1_0|125b00424bd90000c5585ec2_0|004220a14bda0000674a5699_0,LHR,JFK,London,New York,529,"N0, EI, FR"
0f64125b4bd80000afc00326_0|125b00424bd90000c5585ec2_0|004220a14bda0000674a5699_0,LHR,JFK,London,New York,540,"BA, N0, FR"
0f6422ad4bd80000df82c160_0|22ad03584bd900006666394d_0|035820a14bd90000b85d6277_0|035820a14bd90000b85d6277_1,LHR,JFK,London,New York,542,"U2, S4, BA"
0f6403584bd80000b4439bde_0|0f6403584bd80000b4439bde_1|035820a14bd9000047ba38ea_0|035820a14bd9000047ba38ea_1,LHR,JFK,London,New York,548,"A3, S4"
0f641cce4bd80000cf468d0d_0|0f641cce4bd80000cf468d0d_1|1cce20a14bda000075055825_0,LHR,JFK,London,New York,554,"SK, N0"
0f6403584bd800002dbd13c0_0|035820a14bd9000047ba38ea_0|035820a14bd9000047ba38ea_1,LHR,JFK,London,New York,555,"S4, BA"
0f6400424bd800001fa0c8ed_0|004220a14bd80000403dffc8_0,LHR,JFK,London,New York,560,"BA, N0"
0f6423aa4bd8000065f08c86_0|23aa125b4bd9000055e6657e_0|125b20a14bda00003116d701_0,LHR,JFK,London,New York,573,"BA, EI, FR"
0f6420a14bd800002373c5ba_0|0f6420a14bd800002373c5ba_1,LHR,JFK,London,New York,577,EI
0f6403584bd80000b4439bde_0|0f6403584bd80000b4439bde_1|035820a14bd90000b85d6277_0|035820a14bd90000b85d6277_1,LHR,JFK,London,New York,577,"A3, S4"
0f6420a14bd800009a13c647_0|0f6420a14bd800009a13c647_1,LHR,JFK,London,New York,583,EI
0f6420a14bd800003b23723d_0|0f6420a14bd800003b23723d_1,LHR,JFK,London,New York,583,EI
0f6403584bd800002dbd13c0_0|035820a14bd90000b85d6277_0|035820a14bd90000b85d6277_1,LHR,JFK,London,New York,584,"S4, BA"
0f641cce4bd80000608f2f9f_0|0f641cce4bd80000608f2f9f_1|1cce20a14bd80000f75db5e7_0,LHR,JFK,London,New York,585,"AY, N0"
0f640a844bd800004014b5b1_0|0a84008e4bd90000c419f9ce_0|008e125b4bda00005047c906_0|125b20a14bda0000df18b62d_0,LHR,JFK,London,New York,594,"EI, FR"
0f64125b4bd84beda8fedd1d_0|125b20a14bd90000d82cca65_0|0f64125b4bd84beda8fedd1d_1,LHR,JFK,London,New York,599,"BA, EI"
0f640a194bd8000007bba625_0|0a1920a14bd9000096d4bded_0,LHR,JFK,London,New York,602,EI
0f6417294bd80000a1c01d0a_0|0f6417294bd80000a1c01d0a_1|172920a14bda0000a65d0916_0,LHR,JFK,London,New York,606,"A3, DE"
0f640a844bd800004014b5b1_0|0a84008e4bd90000c419f9ce_0|008e125b4bda00005047c906_0|125b20a14bda00003116d701_0,LHR,JFK,London,New York,629,"EI, FR"
0f64125b4bd80000da68d243_0|125b20a14bd80000f86f1f7c_0,LHR,JFK,London,New York,647,EI
0f64125b4bd80000afc00326_0|125b20a14bd90000d82cca65_0,LHR,JFK,London,New York,658,"BA, EI"
0f64062e4bd8000043cb240c_0|062e20a14bd800000129503b_0,LHR,JFK,London,New York,666,"FI, BA"
0f6420a14bd80000329c8c9e_0|0f6420a14bd80000329c8c9e_1,LHR,JFK,London,New York,666,TP
0f6407f04bd80000c648d087_0|0f6407f04bd80000c648d087_1|07f0125b4bd90000bcdcb055_0|125b20a14bda00003116d701_0,LHR,JFK,London,New York,669,"A3, EI, FR"
0f6423334bd800003dacdd9e_0|0f6423334bd800003dacdd9e_1|233320a14bda000071a4375a_0|233320a14bda000071a4375a_1,LHR,JFK,London,New York,675,"A3, OS"
0f6423334bd800003dacdd9e_0|0f6423334bd800003dacdd9e_1|233320a14bda0000c4c3b94f_0|233320a14bda0000c4c3b94f_1,LHR,JFK,London,New York,677,"A3, LH"
0f64125b4bd84beda8fedd1d_0|125b07f04bd90000a9ca4ad8_0|07f020a14bd94bf31b900a8d_0|0f64125b4bd84beda8fedd1d_1|07f020a14bd94bf31b900a8d_1,LHR,JFK,London,New York,687,"EK, BA, FR"
0f64170f4bd800009edfd78a_0|170f20a14bd94bddf4bfd283_0|170f20a14bd94bddf4bfd283_1|170f20a14bd94bddf4bfd283_2|170f20a14bd94bddf4bfd283_3,LHR,JFK,London,New York,691,"DL, TK"
0f6407f04bd80000c648d087_0|0f6407f04bd80000c648d087_1|07f020a14bd94bf31b900a8d_0|07f020a14bd94bf31b900a8d_1,LHR,JFK,London,New York,698,"A3, EK"
0f64170f4bd800009edfd78a_0|170f20a14bd94bde2c16f452_0|170f20a14bd94bde2c16f452_1|170f20a14bd94bde2c16f452_2|170f20a14bd94bde2c16f452_3,LHR,JFK,London,New York,698,"DL, TK"
0f6420a14bd84bdde94f2c00_0|0f6420a14bd84bdde94f2c00_1|0f6420a14bd84bdde94f2c00_2,LHR,JFK,London,New York,704,DL
0f6420a14bd84bdd4341a301_0|0f6420a14bd84bdd4341a301_1,LHR,JFK,London,New York,722,AY
0f6420a14bd84bdd1660b839_0|0f6420a14bd84bdd1660b839_1,LHR,JFK,London,New York,723,DL
0f6420a14bd84bf0c2ebb5a8_0|0f6420a14bd84bf0c2ebb5a8_1,LHR,JFK,London,New York,723,DL
0f6420a14bd84bf0d849a013_0|0f6420a14bd84bf0d849a013_1,LHR,JFK,London,New York,723,DL
0f6420a14bd84bdd150b4203_0|0f6420a14bd84bdd150b4203_1,LHR,JFK,London,New York,723,DL
0f6420a14bd84bddbf147b09_0|0f6420a14bd84bddbf147b09_1|0f6420a14bd84bddbf147b09_2|0f6420a14bd84bddbf147b09_3,LHR,JFK,London,New York,724,KL
0f641f344bd80000b3c876c4_0|0f641f344bd80000b3c876c4_1|1f3407f04bd90000d15600ef_0|07f020a14bda000086e895cf_0,LHR,JFK,London,New York,748,"U2, TK, NO"
0f64125b4bd84beda8fedd1d_0|125b20a14bd90000dbcfd1a5_0|125b20a14bd90000dbcfd1a5_1|0f64125b4bd84beda8fedd1d_1,LHR,JFK,London,New York,753,"LH, BA"
0f6419b14bd8000060c990ce_0|0f6419b14bd8000060c990ce_1|19b107f04bd90000bf24e975_0|07f020a14bda000086e895cf_0,LHR,JFK,London,New York,754,"TK, NO, FR"
0f64145c4bd800006e661109_0|0f64145c4bd800006e661109_1|145c20a14bd90000f7995a43_0|145c20a14bd90000f7995a43_1,LHR,JFK,London,New York,761,"A3, SQ"
0f64170f4bd800009edfd78a_0|170f20a14bda000088f548a1_0|170f20a14bda000088f548a1_1,LHR,JFK,London,New York,766,"TK, JU"
0f640a2b4bd800000afe1554_0|0a2b07f04bd90000d97da520_0|07f020a14bda00003c5a45a7_0,LHR,JFK,London,New York,767,"EK, BA, FR"
0f6407f04bd80000c648d087_0|0f6407f04bd80000c648d087_1|07f020a14bd90000d56058c3_0,LHR,JFK,London,New York,771,"A3, EK"
0f6420a14bd84bdc8a2fa2d1_0|0f6420a14bd84bdc8a2fa2d1_1|0f6420a14bd84bdc8a2fa2d1_2,LHR,JFK,London,New York,780,KL
0f64125b4bd8000058d5534b_0|125b20a14bd800001d94205b_0|125b20a14bd800001d94205b_1,LHR,JFK,London,New York,802,"LH, BA"
0f6407f04bd800005f737a8c_0|07f020a14bd800001b2decf6_0,LHR,JFK,London,New York,809,"EK, BA"
0f6420a14bd80000aaec293f_0|0f6420a14bd80000aaec293f_1,LHR,JFK,London,New York,810,FI
0f64125b4bd80000afc00326_0|125b20a14bd90000dbcfd1a5_0|125b20a14bd90000dbcfd1a5_1,LHR,JFK,London,New York,812,"LH, BA"
0f6417294bd800006e4b3fba_0|0f6417294bd800006e4b3fba_1|0f6417294bd800006e4b3fba_2|172920a14bda0000a65d0916_0,LHR,JFK,London,New York,818,"TK, DE"
0f64125b4bd8000058d5534b_0|125b20a14bd80000e901c4b6_0|125b20a14bd80000e901c4b6_1|125b20a14bd80000e901c4b6_2,LHR,JFK,London,New York,819,"LH, BA"
0f64125b4bd84beda8fedd1d_0|125b20a14bd94be00b5c5091_0|125b20a14bd94be00b5c5091_1|125b20a14bd94be00b5c5091_2|0f64125b4bd84beda8fedd1d_1,LHR,JFK,London,New York,822,"BA, AF"
0f640d384bd80000411407a9_0|0f640d384bd80000411407a9_1|0d3820a14bda0000b528d2d1_0|0d3820a14bda0000b528d2d1_1,LHR,JFK,London,New York,824,"OS, TK"
0f6404884bd80000616209da_0|0f6404884bd80000616209da_1|048820a14bd800007d3072ef_0,LHR,JFK,London,New York,847,"DL, EI"
0f6417294bd800001375f040_0|0f6417294bd800001375f040_1|172920a14bda0000a65d0916_0,LHR,JFK,London,New York,864,"TK, DE"
0f6420a14bd8000000d60264_0|0f6420a14bd8000000d60264_1,LHR,JFK,London,New York,884,TK
0f64125b4bd8000004e74128_0|0f64125b4bd8000004e74128_1|125b20a14bda00003116d701_0,LHR,JFK,London,New York,917,"TK, EI"
0f6420a14bd84bee40dd1f01_0|0f6420a14bd84bee40dd1f01_1,LHR,JFK,London,New York,929,KL
0f6419e04bd800005d92bc3b_0|0f6419e04bd800005d92bc3b_1|19e020a14bd900007b956fca_0|19e020a14bd900007b956fca_1,LHR,JFK,London,New York,956,"TK, AT"
0f64125b4bd800000fe69dc6_0|125b20a14bd900000baa82f8_0|125b20a14bd900000baa82f8_1,LHR,JFK,London,New York,965,"KL, EI"
0f64125b4bd800000fe69dc6_0|125b20a14bd90000a810b704_0|125b20a14bd90000a810b704_1,LHR,JFK,London,New York,971,"DL, EI"
0f64125b4bd80000e85eb0c1_0|125b20a14bd900000baa82f8_0|125b20a14bd900000baa82f8_1,LHR,JFK,London,New York,982,"KL, EI"
0f6407f04bd800003373dcc7_0|0f6407f04bd800003373dcc7_1|07f020a14bd800001b2decf6_0,LHR,JFK,London,New York,987,"EK, LX"
0f64125b4bd80000e85eb0c1_0|125b20a14bd90000a810b704_0|125b20a14bd90000a810b704_1,LHR,JFK,London,New York,987,"DL, EI"
0f64125b4bd80000afc00326_0|125b20a14bd900000baa82f8_0|125b20a14bd900000baa82f8_1,LHR,JFK,London,New York,992,"BA, KL"
0f6420a14bd80000eed86348_0|0f6420a14bd80000eed86348_1,LHR,JFK,London,New York,993,TK
0f64125b4bd80000afc00326_0|125b20a14bd90000a810b704_0|125b20a14bd90000a810b704_1,LHR,JFK,London,New York,998,"DL, BA"
0f64125b4bd8000058d5534b_0|125b20a14bd80000ec89ba1c_0|125b20a14bd80000ec89ba1c_1,LHR,JFK,London,New York,1027,"DL, BA, AF"
0f6403584bd80000c3b372ec_0|035820a14bd8000029390a0d_0,LHR,JFK,London,New York,1056,"BA, TP"
0f6420a14bd800004b42623a_0,LHR,JFK,London,New York,1085,B6
0f6420a14bd800005bb9b522_0|0f6420a14bd800005bb9b522_1,LHR,JFK,London,New York,1091,B6
0f6420a14bd800008c2f2823_0|0f6420a14bd800008c2f2823_1,LHR,JFK,London,New York,1091,B6
0f6407f04bd80000581ebe95_0|07f020a14bd800001b2decf6_0,LHR,JFK,London,New York,1163,"EK, BA"
0f6420ef4bd80000ed7d74ed_0|20ef20a14bd800001296f2dc_0,LHR,JFK,London,New York,1182,LO
0f6426024bd80000db434a75_0|260220a14bd8000013342b91_0|260220a14bd8000013342b91_1,LHR,JFK,London,New York,1240,"AY, AF"
0f6426024bd80000ec2ae1d6_0|260220a14bd8000013342b91_0|260220a14bd8000013342b91_1,LHR,JFK,London,New York,1286,"BA, AF"
0f6426024bd80000cc83f306_0|260220a14bd8000013342b91_0|260220a14bd8000013342b91_1,LHR,JFK,London,New York,1298,"AY, AF"
0f6403344bd80000534f6e25_0|033420a14bd800006989b509_0|033420a14bd800006989b509_1,LHR,JFK,London,New York,1305,"EW, SQ"
0f6412624bd80000c7c931b2_0|126220a14bd90000f6a12a6d_0|126220a14bd90000f6a12a6d_1,LHR,JFK,London,New York,1324,"LH, BA, SQ"
0f6417294bd800009b4787ca_0|172920a14bd90000a5527aa8_0,LHR,JFK,London,New York,1327,"BA, SQ"
0f6426024bd80000a45ebad3_0|260220a14bd8000013342b91_0|260220a14bd8000013342b91_1,LHR,JFK,London,New York,1361,"SK, AF"
0f6404884bd800009182a574_0|048820a14bd800007176b4a7_0,LHR,JFK,London,New York,1369,"DL, B6"
0f6417294bd80000722422ff_0|172920a14bd90000a5527aa8_0,LHR,JFK,London,New York,1388,"BA, SQ"
0f6407f04bd800005f737a8c_0|07f020a14bd80000da158de9_0,LHR,JFK,London,New York,1486,"BA, AF"
0f6420a14bd80000b1242536_0,LHR,JFK,London,New York,2372,AY
0f64062e4bd8000043cb240c_0|062e0a0b4bd800002c419240_0|0a0b0f9c4bd90000c7b24a25_0|0a0b0f9c4bd90000c7b24a25_1,LHR,SFO,London,San Francisco,546,"BA, F9, OG"
0f6403464bd800000d049673_0|03460a7c4bd90000a2827ff1_0|0a7c0f9c4bd90000a737e6fe_0,LHR,SFO,London,San Francisco,573,"BF, AF, U2"
0f640a844bd800006c54226b_0|0a840a7c4bd80000e01c1ad7_0|0a7c0f9c4bd90000a737e6fe_0,LHR,SFO,London,San Francisco,581,"EI, VY, BF"
0f640a844bd800006b39e672_0|0a840a7c4bd80000e01c1ad7_0|0a7c0f9c4bd90000a737e6fe_0,LHR,SFO,London,San Francisco,586,"EI, VY, BF"
0f6423fa4bd80000b31f831f_0|23fa0a7c4bd900007e5d5458_0|0a7c0f9c4bd90000a737e6fe_0,LHR,SFO,London,San Francisco,590,"BA, BF, U2"
0f64125b4bd84beda8fedd1d_0|125b0a7c4bd90000338f6fc9_0|0a7c243e4bda0000db18c540_0|243e0f9c4bda00007548a2d9_0|0f64125b4bd84beda8fedd1d_1,LHR,SFO,London,San Francisco,599,"BA, BF, VY, AS"
0f6417884bd800004dcc3c30_0|17880a7c4bd900007bc2f225_0|0a7c0f9c4bd90000a737e6fe_0,LHR,SFO,London,San Francisco,605,"BA, BF, VY"
0f640f9c4bd84be5564fc69d_0|0f640f9c4bd84be5564fc69d_1|0f640f9c4bd84be5564fc69d_2|0f640f9c4bd84be5564fc69d_3,LHR,SFO,London,San Francisco,614,SK
0f64125b4bd800000fe69dc6_0|125b0a7c4bd90000338f6fc9_0|0a7c243e4bda0000db18c540_0|243e0f9c4bda00007548a2d9_0,LHR,SFO,London,San Francisco,630,"AS, EI, VY, BF"
0f6417884bd80000536b2819_0|17880a7c4bd900007bc2f225_0|0a7c0f9c4bd90000a737e6fe_0,LHR,SFO,London,San Francisco,632,"BF, VY, EW"
0f6422ad4bd80000df82c160_0|22ad03464bd90000209bfd60_0|03460a7c4bd90000dcd4bb61_0|0a7c0f9c4bd90000a737e6fe_0,LHR,SFO,London,San Francisco,634,"BA, BF, U2"
0f6403464bd84bedd15e99a7_0|03460a7c4bd90000dcd4bb61_0|0a7c0f9c4bd90000a737e6fe_0|0f6403464bd84bedd15e99a7_1,LHR,SFO,London,San Francisco,638,"BA, BF, U2"
0f6422ad4bd80000df82c160_0|22ad0a7c4bd90000a5c15d1f_0|0a7c0f9c4bd90000a737e6fe_0,LHR,SFO,London,San Francisco,641,"BA, BF, U2"
0f64125b4bd80000e85eb0c1_0|125b0a7c4bd90000338f6fc9_0|0a7c243e4bda0000db18c540_0|243e0f9c4bda00007548a2d9_0,LHR,SFO,London,San Francisco,647,"AS, EI, VY, BF"
0f6422ad4bd80000df82c160_0|22ad0a7c4bd90000803786ee_0|0a7c0f9c4bd90000a737e6fe_0,LHR,SFO,London,San Francisco,658,"BA, BF, U2"
0f6422ad4bd80000df82c160_0|22ad0a7c4bd94be709080ffd_0|0a7c0f9c4bd90000a737e6fe_0|22ad0a7c4bd94be709080ffd_1,LHR,SFO,London,San Francisco,658,"BA, BF, AF"
0f64125b4bd80000afc00326_0|125b0a7c4bd90000338f6fc9_0|0a7c243e4bda0000db18c540_0|243e0f9c4bda00007548a2d9_0,LHR,SFO,London,San Francisco,658,"BA, BF, VY, AS"
0f64125b4bd84beda8fedd1d_0|125b07f04bd90000a9ca4ad8_0|07f00f9c4bda4cdcf982c813_0|07f00f9c4bda4cdcf982c813_1|0f64125b4bd84beda8fedd1d_1|07f00f9c4bda4cdcf982c813_2|07f00f9c4bda4cdcf982c813_3,LHR,SFO,London,San Francisco,669,"BA, SK, FR"
0f640f0c4bd800005cf1b73e_0|0f640f0c4bd800005cf1b73e_1|0f0c0f9c4bda4cd56b421fac_0|0f0c0f9c4bda4cd56b421fac_1|0f0c0f9c4bda4cd56b421fac_2|0f0c0f9c4bda4cd56b421fac_3,LHR,SFO,London,San Francisco,672,"SK, A3"
0f64062e4bd8000043cb240c_0|062e0a0b4bd800002c419240_0|0a0b24464bd80000665dfbd0_0|24460f9c4bd9000082d31fa6_0,LHR,SFO,London,San Francisco,676,"BA, F9, OG, UA"
0f640f6b4bd800009520c6cf_0|0f640f6b4bd800009520c6cf_1|0f6b0f9c4bd90000bc56b145_0|0f6b0f9c4bd90000bc56b145_1,LHR,SFO,London,San Francisco,691,"F9, EI"
0f64125b4bd84beda8fedd1d_0|125b034e4bd900000339a3ef_0|034e0a7c4bd900006a2bcc08_0|0a7c0f9c4bd90000a737e6fe_0|0f64125b4bd84beda8fedd1d_1,LHR,SFO,London,San Francisco,699,"BA, EI, BF, U2"
0f64170f4bd80000ed36f24f_0|0f64170f4bd80000ed36f24f_1|170f0f9c4bd94bdf46a69b68_0|170f0f9c4bd94bdf46a69b68_1|170f0f9c4bd94bdf46a69b68_2|170f0f9c4bd94bdf46a69b68_3,LHR,SFO,London,San Francisco,701,"DL, A3"
0f640a844bd800004014b5b1_0|0a84008e4bd90000c419f9ce_0|008e125b4bda00005047c906_0|125b0f9c4bda000042bf62c7_0,LHR,SFO,London,San Francisco,752,"EI, FR"
0f64125b4bd84beda8fedd1d_0|125b0f9c4bd94bdec0e7a46b_0|125b0f9c4bd94bdec0e7a46b_1|125b0f9c4bd94bdec0e7a46b_2|125b0f9c4bd94bdec0e7a46b_3|0f64125b4bd84beda8fedd1d_1,LHR,SFO,London,San Francisco,757,"BA, UA"
0f64125b4bd84beda8fedd1d_0|125b0f9c4bd94bf86bb5a03d_0|125b0f9c4bd94bf86bb5a03d_1|0f64125b4bd84beda8fedd1d_1|125b0f9c4bd94bf86bb5a03d_2|125b0f9c4bd94bf86bb5a03d_3,LHR,SFO,London,San Francisco,757,"BA, UA"
0f64125b4bd80000afc00326_0|125b034e4bd900000339a3ef_0|034e0a7c4bd900006a2bcc08_0|0a7c0f9c4bd90000a737e6fe_0,LHR,SFO,London,San Francisco,758,"BA, EI, BF, U2"
0f640f0c4bd800005b9c7327_0|0f640f0c4bd800005b9c7327_1|0f0c0a7c4bd90000e17b7fb2_0|0a7c0f9c4bd90000a737e6fe_0,LHR,SFO,London,San Francisco,762,"VY, BF, A3"
0f64170f4bd800009edfd78a_0|170f0f9c4bd94bdf46a69b68_0|170f0f9c4bd94bdf46a69b68_1|170f0f9c4bd94bdf46a69b68_2|170f0f9c4bd94bdf46a69b68_3,LHR,SFO,London,San Francisco,774,"DL, TK"
0f64125b4bd84beda8fedd1d_0|125b0f9c4bd90000183ffe43_0|125b0f9c4bd90000183ffe43_1|0f64125b4bd84beda8fedd1d_1,LHR,SFO,London,San Francisco,785,"BA, TP"
0f640f9c4bd84bee8ddd63a9_0|0f640f9c4bd84bee8ddd63a9_1|0f640f9c4bd84bee8ddd63a9_2|0f640f9c4bd84bee8ddd63a9_3,LHR,SFO,London,San Francisco,788,EI
0f64125b4bd800000fe69dc6_0|125b0f9c4bd94be7769625ea_0|125b0f9c4bd94be7769625ea_1|125b0f9c4bd94be7769625ea_2|125b0f9c4bd94be7769625ea_3,LHR,SFO,London,San Francisco,789,"EI, UA"
0f64125b4bd84beda8fedd1d_0|125b0f9c4bd900001b0733c1_0|0f64125b4bd84beda8fedd1d_1,LHR,SFO,London,San Francisco,803,"BA, EI"
0f6400424bd800002c6bd556_0|0f6400424bd800002c6bd556_1|004220a14bd80000403dffc8_0|20a10f9c4bd90000acec75fb_0,LHR,SFO,London,San Francisco,804,"AS, SK, N0"
0f6400424bd800002c6bd556_0|0f6400424bd800002c6bd556_1|004220a14bd80000403dffc8_0|20a10f9c4bd900005c04f8a7_0,LHR,SFO,London,San Francisco,810,"SK, N0, B6"
0f6400424bd800002c6bd556_0|0f6400424bd800002c6bd556_1|004220a14bd80000403dffc8_0|20a10f9c4bd9000012827868_0,LHR,SFO,London,San Francisco,810,"DL, SK, N0"
0f640f9c4bd8000096937dea_0|0f640f9c4bd8000096937dea_1,LHR,SFO,London,San Francisco,814,EI
0f64125b4bd800000fe69dc6_0|125b0f9c4bd900001b0733c1_0,LHR,SFO,London,San Francisco,834,EI
0f641cce4bd800006a6d37fd_0|1cce20a14bd80000f75db5e7_0|20a10f9c4bd90000acec75fb_0,LHR,SFO,London,San Francisco,841,"AS, SK, N0"
0f641cce4bd800006a6d37fd_0|1cce20a14bd80000f75db5e7_0|20a10f9c4bd900005c04f8a7_0,LHR,SFO,London,San Francisco,847,"SK, N0, B6"
0f641cce4bd800006a6d37fd_0|1cce20a14bd80000f75db5e7_0|20a10f9c4bd9000012827868_0,LHR,SFO,London,San Francisco,847,"DL, SK, N0"
0f64125b4bd80000e85eb0c1_0|125b0f9c4bd900001b0733c1_0,LHR,SFO,London,San Francisco,851,EI
0f64125b4bd84beda8fedd1d_0|125b0f9c4bd94bddbb89889c_0|125b0f9c4bd94bddbb89889c_1|125b0f9c4bd94bddbb89889c_2|125b0f9c4bd94bddbb89889c_3|0f64125b4bd84beda8fedd1d_1,LHR,SFO,London,San Francisco,855,"BA, DL"
0f64125b4bd80000afc00326_0|125b0f9c4bd900001b0733c1_0,LHR,SFO,London,San Francisco,862,"BA, EI"
0f64125b4bd84beda8fedd1d_0|125b0f9c4bd94be046422e79_0|125b0f9c4bd94be046422e79_1|125b0f9c4bd94be046422e79_2|125b0f9c4bd94be046422e79_3|0f64125b4bd84beda8fedd1d_1,LHR,SFO,London,San Francisco,868,"BA, LH"
0f640f9c4bd80000b92eae65_0|0f640f9c4bd80000b92eae65_1|0f640f9c4bd80000b92eae65_2,LHR,SFO,London,San Francisco,895,"EI, UA"
0f640f0c4bd800007c36e6f9_0|0f640f0c4bd800007c36e6f9_1|0f0c0a7c4bd90000e17b7fb2_0|0a7c0f9c4bd90000a737e6fe_0,LHR,SFO,London,San Francisco,899,"TK, VY, BF"
0f64125b4bd80000e85eb0c1_0|125b0f9c4bd94bddbb89889c_0|125b0f9c4bd94bddbb89889c_1|125b0f9c4bd94bddbb89889c_2|125b0f9c4bd94bddbb89889c_3,LHR,SFO,London,San Francisco,903,"DL, EI"
0f64125b4bd80000e85eb0c1_0|125b0f9c4bd94be046422e79_0|125b0f9c4bd94be046422e79_1|125b0f9c4bd94be046422e79_2|125b0f9c4bd94be046422e79_3,LHR,SFO,London,San Francisco,916,"LH, EI"
0f64125b4bd84beda8fedd1d_0|125b0f9c4bd9000031a1c0e0_0|125b0f9c4bd9000031a1c0e0_1|0f64125b4bd84beda8fedd1d_1,LHR,SFO,London,San Francisco,923,"BA, OS"
0f64008e4bd8000038784875_0|008e0b774bd8000016050d8b_0|0b770f9c4bd900009d0039ca_0|0b770f9c4bd900009d0039ca_1,LHR,SFO,London,San Francisco,933,"BA, W6, UA"
0f64125b4bd80000da68d243_0|125b0f9c4bd800006c8460c1_0|125b0f9c4bd800006c8460c1_1,LHR,SFO,London,San Francisco,935,"AA, EI"
0f6419e04bd800005d92bc3b_0|0f6419e04bd800005d92bc3b_1|19e00a7c4bd9000056154cde_0|0a7c0f9c4bd90000a737e6fe_0,LHR,SFO,London,San Francisco,947,"TK, BF, TO"
0f64125b4bd800000fe69dc6_0|125b0f9c4bd900005c1ba9b0_0|125b0f9c4bd900005c1ba9b0_1,LHR,SFO,London,San Francisco,953,"LH, EI"
0f64125b4bd80000e85eb0c1_0|125b0f9c4bd900005c1ba9b0_0|125b0f9c4bd900005c1ba9b0_1,LHR,SFO,London,San Francisco,969,"LH, EI"
0f640f9c4bd84be05902b4a8_0|0f640f9c4bd84be05902b4a8_1|0f640f9c4bd84be05902b4a8_2|0f640f9c4bd84be05902b4a8_3,LHR,SFO,London,San Francisco,969,LH
0f640f9c4bd84be56239312f_0|0f640f9c4bd84be56239312f_1|0f640f9c4bd84be56239312f_2,LHR,SFO,London,San Francisco,971,"LH, UA"
0f64125b4bd8000058d5534b_0|125b0f9c4bd80000ba8c4591_0|125b0f9c4bd80000ba8c4591_1,LHR,SFO,London,San Francisco,971,"BA, LH"
0f64065b4bd8000059bc89c0_0|0f64065b4bd8000059bc89c0_1|065b0f9c4bd90000ffdbfbd8_0|065b0f9c4bd90000ffdbfbd8_1,LHR,SFO,London,San Francisco,972,"LH, A3"
0f64125b4bd80000b8812406_0|125b0f9c4bd900005c1ba9b0_0|125b0f9c4bd900005c1ba9b0_1,LHR,SFO,London,San Francisco,977,"BA, LH"
0f64125b4bd80000afc00326_0|125b0f9c4bd900005c1ba9b0_0|125b0f9c4bd900005c1ba9b0_1,LHR,SFO,London,San Francisco,980,"BA, LH"
0f640f9c4bd84bdea93dd49c_0|0f640f9c4bd84bdea93dd49c_1|0f640f9c4bd84bdea93dd49c_2|0f640f9c4bd84bdea93dd49c_3,LHR,SFO,London,San Francisco,981,OS
0f64125b4bd80000afc00326_0|125b0f9c4bd9000031a1c0e0_0|125b0f9c4bd9000031a1c0e0_1,LHR,SFO,London,San Francisco,983,"BA, OS"
0f640f9c4bd84bdf37c9fbf5_0|0f640f9c4bd84bdf37c9fbf5_1,LHR,SFO,London,San Francisco,987,DL
0f640f9c4bd84be03a17c06f_0|0f640f9c4bd84be03a17c06f_1|0f640f9c4bd84be03a17c06f_2|0f640f9c4bd84be03a17c06f_3,LHR,SFO,London,San Francisco,990,LH
0f640f9c4bd84bdd37c373c5_0|0f640f9c4bd84bdd37c373c5_1|0f640f9c4bd84bdd37c373c5_2|0f640f9c4bd84bdd37c373c5_3,LHR,SFO,London,San Francisco,994,DL
0f640f9c4bd84bdf10153e61_0|0f640f9c4bd84bdf10153e61_1|0f640f9c4bd84bdf10153e61_2,LHR,SFO,London,San Francisco,994,DL
0f640f9c4bd84be618638c26_0|0f640f9c4bd84be618638c26_1|0f640f9c4bd84be618638c26_2|0f640f9c4bd84be618638c26_3,LHR,SFO,London,San Francisco,994,DL
0f640f9c4bd84bdf7d8a7aba_0|0f640f9c4bd84bdf7d8a7aba_1,LHR,SFO,London,San Francisco,995,AY
0f640f9c4bd84bdf6045ab18_0|0f640f9c4bd84bdf6045ab18_1,LHR,SFO,London,San Francisco,995,AY
0f640f9c4bd84bdf7cfd2c3e_0|0f640f9c4bd84bdf7cfd2c3e_1|0f640f9c4bd84bdf7cfd2c3e_2|0f640f9c4bd84bdf7cfd2c3e_3,LHR,SFO,London,San Francisco,995,UA
0f6420a14bd84bf0d849a013_0|20a10f9c4bd900005c04f8a7_0|0f6420a14bd84bf0d849a013_1,LHR,SFO,London,San Francisco,1005,"DL, B6"
0f640f9c4bd84bdd02cd213e_0|0f640f9c4bd84bdd02cd213e_1|0f640f9c4bd84bdd02cd213e_2,LHR,SFO,London,San Francisco,1020,KL
0f640f9c4bd84be027a554d4_0|0f640f9c4bd84be027a554d4_1|0f640f9c4bd84be027a554d4_2|0f640f9c4bd84be027a554d4_3,LHR,SFO,London,San Francisco,1025,KL
0f64170f4bd800009edfd78a_0|170f0f9c4bd94be0b20b8bc0_0|170f0f9c4bd94be0b20b8bc0_1|170f0f9c4bd94be0b20b8bc0_2|170f0f9c4bd94be0b20b8bc0_3|170f0f9c4bd94be0b20b8bc0_4,LHR,SFO,London,San Francisco,1095,"DL, TK"
0f64243e4bd84cec9c774d2a_0|0f64243e4bd84cec9c774d2a_1|243e0f9c4bda0000722566c0_0|0f64243e4bd84cec9c774d2a_2|0f64243e4bd84cec9c774d2a_3,LHR,SFO,London,San Francisco,1332,"AS, SK"
0f64243e4bd84cec9c774d2a_0|0f64243e4bd84cec9c774d2a_1|243e0f9c4bd900006790cf2a_0|0f64243e4bd84cec9c774d2a_2|0f64243e4bd84cec9c774d2a_3,LHR,SFO,London,San Francisco,1417,"SK, B6"
0f64243e4bd84c9011c7879b_0|0f64243e4bd84c9011c7879b_1|243e0f9c4bd900006790cf2a_0|0f64243e4bd84c9011c7879b_2|0f64243e4bd84c9011c7879b_3,LHR,SFO,London,San Francisco,1417,"SK, B6"
0f640f9c4bd8000015dc81a7_0,LHR,SFO,London,San Francisco,2067,UA
0f640f9c4bd8000023a309df_0,LHR,SFO,London,San Francisco,2567,DL
0f64062e4bd8000043cb240c_0|062e04884bd80000e5a3b1e4_0,LHR,BOS,London,Boston,438,"OG, BA"
0f6403464bd800000d049673_0|034603584bd80000d9955340_0|035804884bd900007d9750e6_0|035804884bd900007d9750e6_1,LHR,BOS,London,Boston,472,"TP, S4, AF"
0f6403584bd800003d106eaa_0|035804884bd900007d9750e6_0|035804884bd900007d9750e6_1,LHR,BOS,London,Boston,475,"S4, BA"
0f64125b4bd84beda8fedd1d_0|125b01af4bd90000511e6f87_0|01af04884bda0000b8dbf7a6_0|0f64125b4bd84beda8fedd1d_1,LHR,BOS,London,Boston,477,"VY, BA"
0f6403584bd800003d106eaa_0|035804884bd80000be15394b_0|035804884bd80000be15394b_1|035804884bd80000be15394b_2,LHR,BOS,London,Boston,479,"SP, S4, BA"
0f64125b4bd84be646a0e1fc_0|125b062e4bd90000fa50cbf2_0|062e04884bd900002bee05d1_0|0f64125b4bd84be646a0e1fc_1,LHR,BOS,London,Boston,485,"OG, BA"
0f64125b4bd84beda8fedd1d_0|125b062e4bd90000fa50cbf2_0|062e04884bd900002bee05d1_0|0f64125b4bd84beda8fedd1d_1,LHR,BOS,London,Boston,490,"OG, BA"
0f6403584bd800003d106eaa_0|035816064bd900003014fcab_0|160604884bd9000066f7c6b3_0,LHR,BOS,London,Boston,492,"TP, S4, BA"
0f6403584bd800003d106eaa_0|035816064bd9000029865614_0|160604884bd9000066f7c6b3_0,LHR,BOS,London,Boston,497,"FR, S4, BA"
0f640a2b4bd800000afe1554_0|0a2b062e4bd90000d3d13cda_0|062e04884bd900002bee05d1_0,LHR,BOS,London,Boston,507,"U2, OG, BA"
0f64125b4bd800000fe69dc6_0|125b01af4bd90000511e6f87_0|01af04884bda0000b8dbf7a6_0,LHR,BOS,London,Boston,507,"VY, EI"
0f6403584bd80000b4439bde_0|0f6403584bd80000b4439bde_1|035804884bd900007d9750e6_0|035804884bd900007d9750e6_1,LHR,BOS,London,Boston,510,"A3, S4"
0f6423aa4bd8000065f08c86_0|23aa125b4bd9000055e6657e_0|125b04884bda0000b508a929_0,LHR,BOS,London,Boston,514,"FR, EI, BA"
0f6403584bd800002dbd13c0_0|035804884bd900007d9750e6_0|035804884bd900007d9750e6_1,LHR,BOS,London,Boston,517,"S4, BA"
0f64125b4bd800000fe69dc6_0|125b062e4bd90000fa50cbf2_0|062e04884bd900002bee05d1_0,LHR,BOS,London,Boston,520,"OG, EI"
0f6422ad4bd80000df82c160_0|22ad008e4bd900006e07d86c_0|008e062e4bda00004ebb8313_0|062e04884bda0000c2d418b5_0,LHR,BOS,London,Boston,523,"U2, FR, OG, BA"
0f64125b4bd80000e85eb0c1_0|125b01af4bd90000511e6f87_0|01af04884bda0000b8dbf7a6_0,LHR,BOS,London,Boston,523,"VY, EI"
0f6422ad4bd80000df82c160_0|22ad0e354bd900003ffd6f0f_0|0e3501af4bda0000b063a65d_0|01af04884bda0000b8dbf7a6_0,LHR,BOS,London,Boston,526,"U2, VY, BA"
0f64125b4bd80000afc00326_0|125b01af4bd90000511e6f87_0|01af04884bda0000b8dbf7a6_0,LHR,BOS,London,Boston,534,"VY, BA"
0f64125b4bd80000e85eb0c1_0|125b062e4bd90000fa50cbf2_0|062e04884bd900002bee05d1_0,LHR,BOS,London,Boston,536,"OG, EI"
0f640f0c4bd800005cf1b73e_0|0f640f0c4bd800005cf1b73e_1|0f0c01af4bd900003c5dff7c_0|01af04884bda0000b8dbf7a6_0,LHR,BOS,London,Boston,536,"A3, VY"
0f640a844bd800004014b5b1_0|0a84008e4bd90000c419f9ce_0|008e062e4bda00004ebb8313_0|062e04884bda0000c2d418b5_0,LHR,BOS,London,Boston,537,"U2, FR, OG, EI"
0f64125b4bd80000afc00326_0|125b062e4bd90000fa50cbf2_0|062e04884bd900002bee05d1_0,LHR,BOS,London,Boston,547,"OG, BA"
0f64125b4bd80000d07f2b7e_0|0f64125b4bd80000d07f2b7e_1|125b04884bda0000b508a929_0,LHR,BOS,London,Boston,561,"EI, AF"
0f6404884bd80000616209da_0|0f6404884bd80000616209da_1,LHR,BOS,London,Boston,563,EI
0f640a844bd800004014b5b1_0|0a84008e4bd90000c419f9ce_0|008e125b4bda00005047c906_0|125b04884bda0000b508a929_0,LHR,BOS,London,Boston,567,"FR, EI"
0f6404884bd80000f76e1d5a_0|0f6404884bd80000f76e1d5a_1,LHR,BOS,London,Boston,569,EI
0f6404884bd80000bf3d0c15_0|0f6404884bd80000bf3d0c15_1,LHR,BOS,London,Boston,569,EI
0f6407f04bd80000c648d087_0|0f6407f04bd80000c648d087_1|07f0062e4bd900000be452d2_0|062e04884bda0000c2d418b5_0,LHR,BOS,London,Boston,569,"A3, W6, OG"
0f640a194bd8000007bba625_0|0a1904884bd90000e5df93a8_0,LHR,BOS,London,Boston,581,EI
0f64125b4bd84beda8fedd1d_0|125b03584bd900002635228e_0|035804884bd9000071baba67_0|035804884bd9000071baba67_1|0f64125b4bd84beda8fedd1d_1,LHR,BOS,London,Boston,598,"TP, IB, BA"
0f6407f04bd80000c648d087_0|0f6407f04bd80000c648d087_1|07f0125b4bd90000bcdcb055_0|125b04884bda0000b508a929_0,LHR,BOS,London,Boston,607,"A3, FR, EI"
0f6403584bd84bed7ddec279_0|035804884bd9000071baba67_0|035804884bd9000071baba67_1|0f6403584bd84bed7ddec279_1,LHR,BOS,London,Boston,609,"IB, BA"
0f6422ad4bd80000df82c160_0|22ad03584bd9000083e250f2_0|035804884bd9000071baba67_0|035804884bd9000071baba67_1,LHR,BOS,London,Boston,614,"TP, IB, BA"
0f6403584bd80000b4439bde_0|0f6403584bd80000b4439bde_1|035804884bd9000071baba67_0|035804884bd9000071baba67_1,LHR,BOS,London,Boston,615,"A3, IB"
0f6403584bd800002dbd13c0_0|035804884bd9000071baba67_0|035804884bd9000071baba67_1,LHR,BOS,London,Boston,622,"IB, BA"
0f64125b4bd80000da68d243_0|125b04884bd800009512c461_0,LHR,BOS,London,Boston,624,EI
0f64125b4bd84beda8fedd1d_0|125b04884bd90000efbd4194_0|125b04884bd90000efbd4194_1|0f64125b4bd84beda8fedd1d_1,LHR,BOS,London,Boston,639,"TK, BA"
0f64125b4bd84beda8fedd1d_0|125b04884bd900005c32b44d_0|0f64125b4bd84beda8fedd1d_1,LHR,BOS,London,Boston,653,"EI, BA"
0f6423aa4bd8000065f08c86_0|23aa125b4bd9000055e6657e_0|125b04884bd90000efbd4194_0|125b04884bd90000efbd4194_1,LHR,BOS,London,Boston,686,"TK, FR, BA"
0f64170f4bd800009edfd78a_0|170f04884bd94be0bc103cb9_0|170f04884bd94be0bc103cb9_1|170f04884bd94be0bc103cb9_2|170f04884bd94be0bc103cb9_3,LHR,BOS,London,Boston,692,"TK, DL"
0f64125b4bd84beda8fedd1d_0|125b04884bd9000072c23f06_0|125b04884bd9000072c23f06_1|0f64125b4bd84beda8fedd1d_1,LHR,BOS,London,Boston,693,"LH, BA"
0f64125b4bd80000afc00326_0|125b04884bd90000efbd4194_0|125b04884bd90000efbd4194_1,LHR,BOS,London,Boston,696,"TK, BA"
0f6407bb4bd800007bf30bec_0|07bb04884bd94bdd57cf3bb0_0|07bb04884bd94bdd57cf3bb0_1|07bb04884bd94bdd57cf3bb0_2|07bb04884bd94bdd57cf3bb0_3,LHR,BOS,London,Boston,706,"SK, DL"
0f6407bb4bd8000065e3df82_0|0f6407bb4bd8000065e3df82_1|07bb04884bda4be7608ece58_0|07bb04884bda4be7608ece58_1|07bb04884bda4be7608ece58_2|07bb04884bda4be7608ece58_3,LHR,BOS,London,Boston,706,"A3, KL"
0f6423334bd800003dacdd9e_0|0f6423334bd800003dacdd9e_1|233304884bda000079d615ba_0|233304884bda000079d615ba_1,LHR,BOS,London,Boston,707,"A3, LH"
0f6419b14bd8000060c990ce_0|0f6419b14bd8000060c990ce_1|19b101af4bd90000c1996dfa_0|01af04884bda0000b8dbf7a6_0,LHR,BOS,London,Boston,708,"TK, VY"
0f64125b4bd84beda8fedd1d_0|125b04884bd9000066da7d50_0|125b04884bd9000066da7d50_1|0f64125b4bd84beda8fedd1d_1,LHR,BOS,London,Boston,710,"LH, BA"
0f64125b4bd80000afc00326_0|125b04884bd900005c32b44d_0,LHR,BOS,London,Boston,710,"EI, BA"
0f6407bb4bd8000065e3df82_0|0f6407bb4bd8000065e3df82_1|07bb04884bd94be55bb2b55b_0|07bb04884bd94be55bb2b55b_1|07bb04884bd94be55bb2b55b_2|07bb04884bd94be55bb2b55b_3|07bb04884bd94be55bb2b55b_4,LHR,BOS,London,Boston,710,"A3, KL"
0f64125b4bd84beda8fedd1d_0|125b04884bd90000cc568b89_0|125b04884bd90000cc568b89_1|0f64125b4bd84beda8fedd1d_1,LHR,BOS,London,Boston,712,"OS, BA"
0f6426024bd84be6027df463_0|260204884bd94be7de1003a8_0|260204884bd94be7de1003a8_1|0f6426024bd84be6027df463_1|260204884bd94be7de1003a8_2|260204884bd94be7de1003a8_3,LHR,BOS,London,Boston,717,"BA, DL"
0f64125b4bd80000d07f2b7e_0|0f64125b4bd80000d07f2b7e_1|125b04884bd90000efbd4194_0|125b04884bd90000efbd4194_1,LHR,BOS,London,Boston,733,"TK, AF"
0f64008e4bd8000060f967c1_0|008e125b4bd90000b97dd462_0|125b04884bd9000086e75060_0|125b04884bd9000086e75060_1,LHR,BOS,London,Boston,740,"LX, FR, BA"
0f64125b4bd800000fe69dc6_0|125b04884bd9000066da7d50_0|125b04884bd9000066da7d50_1,LHR,BOS,London,Boston,741,"LH, EI"
0f64125b4bd80000afc00326_0|125b04884bd9000072c23f06_0|125b04884bd9000072c23f06_1,LHR,BOS,London,Boston,750,"LH, BA"
0f64125b4bd80000e85eb0c1_0|125b04884bd9000066da7d50_0|125b04884bd9000066da7d50_1,LHR,BOS,London,Boston,757,"LH, EI"
0f64125b4bd84beda8fedd1d_0|125b04884bd94bf271947743_0|125b04884bd94bf271947743_1|0f64125b4bd84beda8fedd1d_1|125b04884bd94bf271947743_2|125b04884bd94bf271947743_3,LHR,BOS,London,Boston,762,"KL, BA"
0f64125b4bd80000afc00326_0|125b04884bd9000066da7d50_0|125b04884bd9000066da7d50_1,LHR,BOS,London,Boston,767,"LH, BA"
0f640b774bd80000ccb8685a_0|0f640b774bd80000ccb8685a_1|0b7704884bd94be7b3b06025_0|0b7704884bd94be7b3b06025_1|0b7704884bd94be7b3b06025_2|0b7704884bd94be7b3b06025_3,LHR,BOS,London,Boston,767,"A3, DL"
0f6400424bd800001fa0c8ed_0|004220a14bd80000403dffc8_0|20a104884bd90000f829b966_0,LHR,BOS,London,Boston,769,"N0, BA, DL"
0f640b774bd80000ccb8685a_0|0f640b774bd80000ccb8685a_1|0b7704884bd94be60e0f8fa4_0|0b7704884bd94be60e0f8fa4_1|0b7704884bd94be60e0f8fa4_2|0b7704884bd94be60e0f8fa4_3,LHR,BOS,London,Boston,769,"A3, LH"
0f64125b4bd80000afc00326_0|125b04884bd90000cc568b89_0|125b04884bd90000cc568b89_1,LHR,BOS,London,Boston,769,"OS, BA"
0f640b774bd80000ccb8685a_0|0f640b774bd80000ccb8685a_1|0b7704884bd94bee9d158d8b_0|0b7704884bd94bee9d158d8b_1|0b7704884bd94bee9d158d8b_2|0b7704884bd94bee9d158d8b_3,LHR,BOS,London,Boston,773,"A3, KL"
0f64065b4bd8000059bc89c0_0|0f64065b4bd8000059bc89c0_1|065b04884bd9000025cfc626_0|065b04884bd9000025cfc626_1,LHR,BOS,London,Boston,785,"A3, LH"
0f6404884bd80000fe9a20ff_0|0f6404884bd80000fe9a20ff_1,LHR,BOS,London,Boston,786,FI
0f64125b4bd84beda8fedd1d_0|125b04884bd94d2a4b5a9e34_0|125b04884bd94d2a4b5a9e34_1|0f64125b4bd84beda8fedd1d_1|125b04884bd94d2a4b5a9e34_2|125b04884bd94d2a4b5a9e34_3,LHR,BOS,London,Boston,786,"BA, AF"
0f64208d4bd84bed0b563158_0|208d04884bd84be799c8aabf_0|208d04884bd84be799c8aabf_1|208d04884bd84be799c8aabf_2|208d04884bd84be799c8aabf_3|208d04884bd84be799c8aabf_4|0f64208d4bd84bed0b563158_1,LHR,BOS,London,Boston,793,"LH, BA"
0f64125b4bd80000e85eb0c1_0|125b04884bd94bf271947743_0|125b04884bd94bf271947743_1|125b04884bd94bf271947743_2|125b04884bd94bf271947743_3,LHR,BOS,London,Boston,809,"KL, EI"
0f6404884bd84bebeb66e055_0|0f6404884bd84bebeb66e055_1|0f6404884bd84bebeb66e055_2|0f6404884bd84bebeb66e055_3,LHR,BOS,London,Boston,818,LH
0f640f6b4bd80000c7fd030c_0|0f640f6b4bd80000c7fd030c_1|0f6b04884bda0000ca0f80ac_0,LHR,BOS,London,Boston,828,"AV, F9"
0f64125b4bd80000e85eb0c1_0|125b04884bd94d2a4b5a9e34_0|125b04884bd94d2a4b5a9e34_1|125b04884bd94d2a4b5a9e34_2|125b04884bd94d2a4b5a9e34_3,LHR,BOS,London,Boston,833,"EI, AF"
0f6404884bd84bdd9c1cded9_0|0f6404884bd84bdd9c1cded9_1,LHR,BOS,London,Boston,840,DL
0f640b774bd84bdf84b16950_0|0b7704884bd84bdef567936a_0|0b7704884bd84bdef567936a_1|0b7704884bd84bdef567936a_2|0b7704884bd84bdef567936a_3|0f640b774bd84bdf84b16950_1|0b7704884bd84bdef567936a_4,LHR,BOS,London,Boston,843,"LH, BA"
0f6404884bd80000b32744e3_0|0f6404884bd80000b32744e3_1,LHR,BOS,London,Boston,846,TK
0f6404884bd84bddde9e8101_0|0f6404884bd84bddde9e8101_1|0f6404884bd84bddde9e8101_2,LHR,BOS,London,Boston,853,AF
0f6404884bd84bdd5b1c631b_0|0f6404884bd84bdd5b1c631b_1|0f6404884bd84bdd5b1c631b_2|0f6404884bd84bdd5b1c631b_3,LHR,BOS,London,Boston,857,AF
0f6400ed4bd80000729555df_0|00ed03584bd9000059b8679e_0|035804884bd900007d9750e6_0|035804884bd900007d9750e6_1,LHR,BOS,London,Boston,879,"U2, S4, BA"
0f64125b4bd800000fe69dc6_0|125b04884bd90000f2753ee1_0|125b04884bd90000f2753ee1_1,LHR,BOS,London,Boston,921,"EI, DL"
0f64125b4bd800000fe69dc6_0|125b04884bd90000423be14b_0|125b04884bd90000423be14b_1,LHR,BOS,London,Boston,925,"KL, EI"
0f64125b4bd800000fe69dc6_0|125b04884bd900001ec8cfe6_0|125b04884bd900001ec8cfe6_1,LHR,BOS,London,Boston,927,"EI, DL"
0f64125b4bd80000e85eb0c1_0|125b04884bd90000f2753ee1_0|125b04884bd90000f2753ee1_1,LHR,BOS,London,Boston,937,"EI, DL"
0f640a844bd800004014b5b1_0|0a8404884bd90000184121cc_0|0a8404884bd90000184121cc_1,LHR,BOS,London,Boston,940,"EI, DL"
0f64125b4bd80000e85eb0c1_0|125b04884bd90000423be14b_0|125b04884bd90000423be14b_1,LHR,BOS,London,Boston,941,"KL, EI"
0f64125b4bd80000e85eb0c1_0|125b04884bd900001ec8cfe6_0|125b04884bd900001ec8cfe6_1,LHR,BOS,London,Boston,943,"EI, DL"
0f64125b4bd80000afc00326_0|125b04884bd90000f2753ee1_0|125b04884bd90000f2753ee1_1,LHR,BOS,London,Boston,948,"BA, DL"
0f6404884bd800005e91af63_0|0f6404884bd800005e91af63_1,LHR,BOS,London,Boston,949,TK
0f640b774bd80000e14ad5d3_0|0b7704884bd80000e4d95332_0|0b7704884bd80000e4d95332_1,LHR,BOS,London,Boston,951,"LH, BA"
0f64125b4bd80000afc00326_0|125b04884bd90000423be14b_0|125b04884bd90000423be14b_1,LHR,BOS,London,Boston,952,"KL, BA"
0f64125b4bd80000afc00326_0|125b04884bd900001ec8cfe6_0|125b04884bd900001ec8cfe6_1,LHR,BOS,London,Boston,954,"BA, DL"
0f64125b4bd80000afc00326_0|125b04884bd90000395ad307_0|125b04884bd90000395ad307_1,LHR,BOS,London,Boston,971,"BA, AF"
0f641cdb4bd80000b3857a0c_0|0f641cdb4bd80000b3857a0c_1|1cdb04884bd9000039fae8a2_0,LHR,BOS,London,Boston,996,"TP, DL"
0f6403584bd800003d106eaa_0|035804884bd8000058b9d83c_0,LHR,BOS,London,Boston,1014,"TP, BA"
0f640a894bd80000302a24e5_0|0f640a894bd80000302a24e5_1|0a8904884bd90000c5bf8a08_0,LHR,BOS,London,Boston,1040,"TK, AA"
0f640a894bd80000302a24e5_0|0f640a894bd80000302a24e5_1|0a8904884bd900005a2dad89_0,LHR,BOS,London,Boston,1040,"TK, UA"
0f6404884bd800009182a574_0,LHR,BOS,London,Boston,1045,B6
0f640f584bd80000c0b60bef_0|0f640f584bd80000c0b60bef_1|0f5804884bd90000a7467a82_0|0f5804884bd90000a7467a82_1,LHR,BOS,London,Boston,1050,"TK, LH"
0f6404884bd84bdf2f79fb0b_0|0f6404884bd84bdf2f79fb0b_1,LHR,BOS,London,Boston,1147,AY
0f6404884bd84bdf30a4880d_0|0f6404884bd84bdf30a4880d_1,LHR,BOS,London,Boston,1147,AY
0f6404884bd84bdec27b670b_0|0f6404884bd84bdec27b670b_1|0f6404884bd84bdec27b670b_2,LHR,BOS,London,Boston,1171,KL
0f6404884bd80000ad123f83_0|0f6404884bd80000ad123f83_1,LHR,BOS,London,Boston,1379,TP
0f64170f4bd800009edfd78a_0|170f04884bd94be0870e97f2_0|170f04884bd94be0870e97f2_1|170f04884bd94be0870e97f2_2|170f04884bd94be0870e97f2_3,LHR,BOS,London,Boston,1395,"TK, DL"
0f6404884bd8000069c451f8_0,LHR,BOS,London,Boston,1485,LH
0f6404884bd84bdb58cd9c56_0|0f6404884bd84bdb58cd9c56_1,LHR,BOS,London,Boston,2008,AY
0f6404884bd800005d41574d_0,LHR,BOS,London,Boston,2120,BA
25c301af4bd8000028570128_0|01af22f54bd900000a047d4e_0|22f520a14bd9000039e366cd_0,CDG,JFK,Paris,New York,434,"N0, VY, U2"
25c322f54bd80000cca4c664_0|22f520a14bd9000039e366cd_0,CDG,JFK,Paris,New York,461,"N0, U2"
25c300424bd80000a09287fa_0|25c300424bd80000a09287fa_1|004220a14bd80000403dffc8_0,CDG,JFK,Paris,New York,463,"N0, SK"
25c300424bd80000c22b7718_0|004220a14bd80000403dffc8_0,CDG,JFK,Paris,New York,465,"N0, U2"
25c30e354bd84be40a338f4d_0|0e3522f54bd9000012af1d4f_0|22f520a14bda0000d0d97ba9_0|25c30e354bd84be40a338f4d_1,CDG,JFK,Paris,New York,506,"N0, U2, AF"
25c303464bd800005f49ec61_0|25c303464bd800005f49ec61_1|034622f54bda00005a1c1ed9_0|22f520a14bda0000d0d97ba9_0,CDG,JFK,Paris,New York,516,"N0, U2, AF"
25c303464bd800005f49ec61_0|25c303464bd800005f49ec61_1|034622f54bd900003b07d246_0|22f520a14bda0000d0d97ba9_0,CDG,JFK,Paris,New York,520,"N0, U2, AF"
25c300424bd84be724c3e22e_0|004220a14bd80000403dffc8_0|25c300424bd84be724c3e22e_1,CDG,JFK,Paris,New York,523,"N0, AF"
25c30e354bd84be40a338f4d_0|0e3522f54bd900001b195164_0|22f520a14bd9000039e366cd_0|25c30e354bd84be40a338f4d_1,CDG,JFK,Paris,New York,532,"N0, U2, AF"
25c30e354bd80000e20ee27d_0|0e3522f54bd9000012af1d4f_0|22f520a14bda0000d0d97ba9_0,CDG,JFK,Paris,New York,592,"N0, U2, AF"
25c307f04bd800002601cbd9_0|07f020a14bd94bf31b900a8d_0|07f020a14bd94bf31b900a8d_1,CDG,JFK,Paris,New York,614,"EK, U2"
25c307f04bd800002601cbd9_0|07f020a14bd94be0489e90da_0|07f020a14bd94be0489e90da_1,CDG,JFK,Paris,New York,616,"AY, U2"
25c30e354bd80000e20ee27d_0|0e3522f54bd900001b195164_0|22f520a14bd9000039e366cd_0,CDG,JFK,Paris,New York,618,"N0, U2, AF"
25c30f644bd8000026e0ac41_0|25c30f644bd8000026e0ac41_1|0f6420a14bd94be97bf54cfd_0|0f6420a14bd94be97bf54cfd_1|0f6420a14bd94be97bf54cfd_2|0f6420a14bd94be97bf54cfd_3,CDG,JFK,Paris,New York,632,"A3, KL"
25c300424bd80000f17da5f4_0|25c300424bd80000f17da5f4_1|004220a14bd80000403dffc8_0,CDG,JFK,Paris,New York,645,"LH, N0"
25c307f04bd80000d1149bb4_0|07f020a14bd84bdf5b2fb5b2_0|07f020a14bd84bdf5b2fb5b2_1,CDG,JFK,Paris,New York,648,"EK, U2"
25c3125b4bd84be50a544107_0|125b20a14bd90000d82cca65_0|25c3125b4bd84be50a544107_1,CDG,JFK,Paris,New York,649,"EI, AF"
25c30f644bd8000048315ff6_0|25c30f644bd8000048315ff6_1|0f6420a14bd94be97bf54cfd_0|0f6420a14bd94be97bf54cfd_1|0f6420a14bd94be97bf54cfd_2|0f6420a14bd94be97bf54cfd_3,CDG,JFK,Paris,New York,649,"KL, AF"
25c307f04bd800003f1afa98_0|07f020a14bd84bdf5b2fb5b2_0|07f020a14bd84bdf5b2fb5b2_1,CDG,JFK,Paris,New York,650,"EK, U2"
25c30f644bd84be038603e30_0|0f6420a14bd94be97bf54cfd_0|0f6420a14bd94be97bf54cfd_1|25c30f644bd84be038603e30_1|0f6420a14bd94be97bf54cfd_2|0f6420a14bd94be97bf54cfd_3,CDG,JFK,Paris,New York,669,"KL, AF"
25c303464bd800005f49ec61_0|25c303464bd800005f49ec61_1|0346125b4bd900008bcbdad0_0|125b20a14bda00003116d701_0,CDG,JFK,Paris,New York,669,"EI, FR, AF"
25c31cce4bd800006daaf412_0|1cce20a14bd80000f75db5e7_0,CDG,JFK,Paris,New York,673,"N0, SK"
25c301af4bd8000028570128_0|01af07f04bd90000de9e3445_0|07f020a14bd94bf31b900a8d_0|07f020a14bd94bf31b900a8d_1,CDG,JFK,Paris,New York,681,"EK, VY"
25c307f04bd800002601cbd9_0|07f020a14bd90000d56058c3_0,CDG,JFK,Paris,New York,685,"EK, U2"
25c307f04bd80000d1149bb4_0|07f020a14bd800001b2decf6_0,CDG,JFK,Paris,New York,686,"EK, U2"
25c307f04bd800003f1afa98_0|07f020a14bd800001b2decf6_0,CDG,JFK,Paris,New York,687,"EK, U2"
25c323aa4bd80000391281e8_0|23aa20a14bd80000c1efb6c1_0|23aa20a14bd80000c1efb6c1_1,CDG,JFK,Paris,New York,693,"EI, U2"
25c301af4bd8000028570128_0|01af20a14bd90000dd0820a3_0|01af20a14bd90000dd0820a3_1,CDG,JFK,Paris,New York,696,"TP, VY"
25c31cce4bd84bdf04b08de9_0|1cce20a14bd80000f75db5e7_0|25c31cce4bd84bdf04b08de9_1,CDG,JFK,Paris,New York,711,"N0, AF"
25c307f04bd84be000436576_0|07f020a14bd94bf31b900a8d_0|25c307f04bd84be000436576_1|07f020a14bd94bf31b900a8d_1,CDG,JFK,Paris,New York,724,"EK, AF"
25c307f04bd84be000436576_0|07f020a14bd94be0489e90da_0|25c307f04bd84be000436576_1|07f020a14bd94be0489e90da_1,CDG,JFK,Paris,New York,726,"AY, AF"
25c320a14bd80000a936b788_0|25c320a14bd80000a936b788_1,CDG,JFK,Paris,New York,729,EI
25c3003c4bd80000924fcae0_0|003c20a14bd90000815959bc_0|003c20a14bd90000815959bc_1,CDG,JFK,Paris,New York,742,"LH, JU"
25c3125b4bd80000f750c393_0|125b20a14bd90000d82cca65_0,CDG,JFK,Paris,New York,745,"EI, AF"
25c301af4bd8000028570128_0|01af07f04bd90000de9e3445_0|07f020a14bd90000d56058c3_0,CDG,JFK,Paris,New York,751,"EK, VY"
25c307f04bd84be0c95c6dc9_0|07f020a14bd84bdf5b2fb5b2_0|07f020a14bd84bdf5b2fb5b2_1|25c307f04bd84be0c95c6dc9_1,CDG,JFK,Paris,New York,757,"EK, AF"
25c307f04bd80000c661a236_0|25c307f04bd80000c661a236_1|07f020a14bd90000d56058c3_0,CDG,JFK,Paris,New York,797,"KL, EK"
25c3125b4bd84be50a544107_0|125b20a14bd90000dbcfd1a5_0|125b20a14bd90000dbcfd1a5_1|25c3125b4bd84be50a544107_1,CDG,JFK,Paris,New York,800,"LH, AF"
25c3003c4bd80000488978b7_0|003c20a14bd90000815959bc_0|003c20a14bd90000815959bc_1,CDG,JFK,Paris,New York,809,"LH, AF"
25c301af4bd80000d619d7ce_0|01af20a14bd90000dd0820a3_0|01af20a14bd90000dd0820a3_1,CDG,JFK,Paris,New York,817,"TP, AF"
25c3062e4bd800009d9cd615_0|25c3062e4bd800009d9cd615_1|062e20a14bd800000129503b_0,CDG,JFK,Paris,New York,831,"LH, FI"
25c317294bd84be0f64567a9_0|172920a14bd94bdffe1dd4d4_0|172920a14bd94bdffe1dd4d4_1|25c317294bd84be0f64567a9_1,CDG,JFK,Paris,New York,832,"SQ, AF"
25c30f644bd84bdf1da1abe2_0|0f6420a14bd84bdd4341a301_0|0f6420a14bd84bdd4341a301_1|25c30f644bd84bdf1da1abe2_1,CDG,JFK,Paris,New York,837,"AY, AF"
25c30f644bd84bdf1da1abe2_0|0f6420a14bd84bdd1660b839_0|0f6420a14bd84bdd1660b839_1|25c30f644bd84bdf1da1abe2_1,CDG,JFK,Paris,New York,837,"DL, AF"
25c30f644bd84be038603e30_0|0f6420a14bd94bddd94b163f_0|0f6420a14bd94bddd94b163f_1|25c30f644bd84be038603e30_1,CDG,JFK,Paris,New York,837,"AY, AF"
25c30f644bd84bdfa534b977_0|0f6420a14bd94bddd94b163f_0|0f6420a14bd94bddd94b163f_1|25c30f644bd84bdfa534b977_1,CDG,JFK,Paris,New York,837,"AY, AF"
25c31fb04bd800002cd042a1_0|1fb020a14bd90000c94f2162_0|1fb020a14bd90000c94f2162_1,CDG,JFK,Paris,New York,850,"TK, U2"
25c30f644bd80000c07859c2_0|0f6420a14bd84bf0c58671b1_0|0f6420a14bd84bf0c58671b1_1,CDG,JFK,Paris,New York,868,"BA, DL"
25c3125b4bd84be50a544107_0|125b20a14bd94be00b5c5091_0|125b20a14bd94be00b5c5091_1|125b20a14bd94be00b5c5091_2|25c3125b4bd84be50a544107_1,CDG,JFK,Paris,New York,868,AF
25c30a2b4bd84be640dc97a7_0|0a2b20a14bd800008e1f71e1_0|25c30a2b4bd84be640dc97a7_1,CDG,JFK,Paris,New York,896,"EI, AF"
25c320a14bd80000325d3e8d_0|25c320a14bd80000325d3e8d_1,CDG,JFK,Paris,New York,934,TK
25c3062e4bd80000352944a1_0|062e20a14bd800000129503b_0,CDG,JFK,Paris,New York,949,"FI, OG"
25c307f04bd80000501902b9_0|25c307f04bd80000501902b9_1|07f020a14bd800001b2decf6_0,CDG,JFK,Paris,New York,949,"LH, EK"
25c307f04bd80000e4275684_0|25c307f04bd80000e4275684_1|07f020a14bd800001b2decf6_0,CDG,JFK,Paris,New York,957,"LH, EK"
25c30e354bd84be40a338f4d_0|0e350f644bd94be71a42ce8a_0|0f6420a14bd94bdd9d6932b7_0|0f6420a14bd94bdd9d6932b7_1|25c30e354bd84be40a338f4d_1|0e350f644bd94be71a42ce8a_1,CDG,JFK,Paris,New York,965,"BA, AY, AF"
25c30a2b4bd800005bd35c4d_0|0a2b20a14bd800008e1f71e1_0,CDG,JFK,Paris,New York,1008,"EI, AF"
25c30a2b4bd84be640dc97a7_0|0a2b20a14bd84bed75f1cedb_0|25c30a2b4bd84be640dc97a7_1|0a2b20a14bd84bed75f1cedb_1,CDG,JFK,Paris,New York,1085,"DL, AF"
25c30e354bd84be40a338f4d_0|0e3522f54bd900001b195164_0|22f520a14bd94bf9344f58fd_0|25c30e354bd84be40a338f4d_1|22f520a14bd94bf9344f58fd_1,CDG,JFK,Paris,New York,2252,"AY, U2, AF"
25c320a14bd800006c3ce92f_0,CDG,JFK,Paris,New York,2763,DL
25c320a14bd8000002af19a7_0,CDG,JFK,Paris,New York,2781,AF
25c300424bd80000f770d183_0|004204cd4bd900000e56c22b_0|04cd0f9c4bda00009d925957_0|04cd0f9c4bda00009d925957_1,CDG,SFO,Paris,San Francisco,558,"F9, U2, N0"
25c30f6b4bd84bf16d385362_0|25c30f6b4bd84bf16d385362_1|0f6b0f9c4bd90000bc56b145_0|0f6b0f9c4bd90000bc56b145_1|25c30f6b4bd84bf16d385362_2|25c30f6b4bd84bf16d385362_3,CDG,SFO,Paris,San Francisco,622,"F9, SK"
25c31f2d4bd80000c5ba8262_0|1f2d14144bd90000a4c2b000_0|14140f9c4bda4be64e3b3653_0|14140f9c4bda4be64e3b3653_1|14140f9c4bda4be64e3b3653_2|14140f9c4bda4be64e3b3653_3,CDG,SFO,Paris,San Francisco,668,"U2, SK"
25c301af4bd8000028570128_0|01af22f54bd900000a047d4e_0|22f520a14bd9000039e366cd_0|20a10f9c4bda0000f55424fd_0,CDG,SFO,Paris,San Francisco,674,"VY, U2, AS, N0"
25c301af4bd8000028570128_0|01af22f54bd900000a047d4e_0|22f520a14bd9000039e366cd_0|20a10f9c4bda000005bca9a1_0,CDG,SFO,Paris,San Francisco,679,"VY, U2, B6, N0"
25c301af4bd8000028570128_0|01af22f54bd900000a047d4e_0|22f520a14bd9000039e366cd_0|20a10f9c4bda0000fbb8650c_0,CDG,SFO,Paris,San Francisco,679,"VY, U2, N0, DL"
25c301af4bd8000028570128_0|01af125b4bd90000597dbebf_0|125b0f9c4bda000042bf62c7_0,CDG,SFO,Paris,San Francisco,680,"VY, EI"
25c301af4bd8000028570128_0|01af093e4bd90000abeff8e3_0|093e0f9c4bd900007c690046_0|093e0f9c4bd900007c690046_1,CDG,SFO,Paris,San Francisco,682,"FR, VY, TP"
25c322f54bd80000cca4c664_0|22f520a14bd9000039e366cd_0|20a10f9c4bda0000f55424fd_0,CDG,SFO,Paris,San Francisco,701,"AS, U2, N0"
25c301af4bd8000028570128_0|01af0f9c4bd9000049f90501_0|01af0f9c4bd9000049f90501_1,CDG,SFO,Paris,San Francisco,703,"VY, TP"
25c300424bd80000f770d183_0|004204cd4bd900000e56c22b_0|04cd0f9c4bda0000b51f5a43_0,CDG,SFO,Paris,San Francisco,704,"U2, UA, N0"
25c322f54bd80000cca4c664_0|22f520a14bd9000039e366cd_0|20a10f9c4bda000005bca9a1_0,CDG,SFO,Paris,San Francisco,707,"U2, B6, N0"
25c322f54bd80000cca4c664_0|22f520a14bd9000039e366cd_0|20a10f9c4bda0000fbb8650c_0,CDG,SFO,Paris,San Francisco,707,"U2, N0, DL"
25c301af4bd8000028570128_0|01af22f54bd900000a047d4e_0|22f520a14bd9000039e366cd_0|20a10f9c4bd900000da38210_0,CDG,SFO,Paris,San Francisco,735,"VY, U2, AS, N0"
25c322f54bd80000cca4c664_0|22f520a14bd9000039e366cd_0|20a10f9c4bd900000da38210_0,CDG,SFO,Paris,San Francisco,762,"AS, U2, N0"
25c300424bd80000a09287fa_0|25c300424bd80000a09287fa_1|004220a14bd80000403dffc8_0|20a10f9c4bd90000acec75fb_0,CDG,SFO,Paris,San Francisco,764,"AS, N0, SK"
25c30e354bd84be40a338f4d_0|0e35125b4bd90000815bbaf1_0|125b0f9c4bda000042bf62c7_0|25c30e354bd84be40a338f4d_1,CDG,SFO,Paris,San Francisco,765,"AF, EI"
25c300424bd80000c22b7718_0|004220a14bd80000403dffc8_0|20a10f9c4bd90000acec75fb_0,CDG,SFO,Paris,San Francisco,766,"AS, U2, N0"
25c300424bd80000a09287fa_0|25c300424bd80000a09287fa_1|004220a14bd80000403dffc8_0|20a10f9c4bd900005c04f8a7_0,CDG,SFO,Paris,San Francisco,770,"N0, SK, B6"
25c300424bd80000a09287fa_0|25c300424bd80000a09287fa_1|004220a14bd80000403dffc8_0|20a10f9c4bd9000012827868_0,CDG,SFO,Paris,San Francisco,770,"N0, SK, DL"
25c300424bd80000c22b7718_0|004220a14bd80000403dffc8_0|20a10f9c4bd900005c04f8a7_0,CDG,SFO,Paris,San Francisco,772,"U2, B6, N0"
25c300424bd80000c22b7718_0|004220a14bd80000403dffc8_0|20a10f9c4bd9000012827868_0,CDG,SFO,Paris,San Francisco,772,"U2, N0, DL"
25c30e354bd84be40a338f4d_0|0e3522f54bd900001b195164_0|22f520a14bd9000039e366cd_0|20a10f9c4bda0000f55424fd_0|25c30e354bd84be40a338f4d_1,CDG,SFO,Paris,San Francisco,777,"AF, AS, U2, N0"
25c3093e4bd80000cec5eeba_0|093e0f6b4bd8000030efc0a1_0|093e0f6b4bd8000030efc0a1_1|0f6b0f9c4bd90000c0e1726b_0,CDG,SFO,Paris,San Francisco,778,"U2, UA, TP"
25c30e354bd84be40a338f4d_0|0e3522f54bd900001b195164_0|22f520a14bd9000039e366cd_0|20a10f9c4bda000005bca9a1_0|25c30e354bd84be40a338f4d_1,CDG,SFO,Paris,San Francisco,782,"AF, U2, B6, N0"
25c30e354bd84be40a338f4d_0|0e3522f54bd900001b195164_0|22f520a14bd9000039e366cd_0|20a10f9c4bda0000fbb8650c_0|25c30e354bd84be40a338f4d_1,CDG,SFO,Paris,San Francisco,782,"AF, U2, N0, DL"
25c301af4bd8000028570128_0|01af0f9c4bd94bdf66f2f706_0|01af0f9c4bd94bdf66f2f706_1|01af0f9c4bd94bdf66f2f706_2|01af0f9c4bd94bdf66f2f706_3|01af0f9c4bd94bdf66f2f706_4,CDG,SFO,Paris,San Francisco,818,"VY, UA"
25c307f04bd800002601cbd9_0|07f023334bd900006d4deb9a_0|23330f9c4bd90000b6dadc2a_0|23330f9c4bd90000b6dadc2a_1,CDG,SFO,Paris,San Francisco,823,"LH, W6, U2, UA"
25c323334bd80000b3ae4894_0|25c323334bd80000b3ae4894_1|23330f9c4bd90000b6dadc2a_0|23330f9c4bd90000b6dadc2a_1,CDG,SFO,Paris,San Francisco,825,"LH, A3, UA"
25c300424bd84be724c3e22e_0|004220a14bd80000403dffc8_0|20a10f9c4bd90000acec75fb_0|25c300424bd84be724c3e22e_1,CDG,SFO,Paris,San Francisco,830,"AF, AS, N0"
25c300424bd84be724c3e22e_0|004220a14bd80000403dffc8_0|20a10f9c4bd900005c04f8a7_0|25c300424bd84be724c3e22e_1,CDG,SFO,Paris,San Francisco,836,"AF, N0, B6"
25c300424bd84be724c3e22e_0|004220a14bd80000403dffc8_0|20a10f9c4bd9000012827868_0|25c300424bd84be724c3e22e_1,CDG,SFO,Paris,San Francisco,836,"AF, N0, DL"
25c301af4bd8000028570128_0|01af0f9c4bd94bec46bf7156_0|01af0f9c4bd94bec46bf7156_1|01af0f9c4bd94bec46bf7156_2|01af0f9c4bd94bec46bf7156_3,CDG,SFO,Paris,San Francisco,836,"VY, UA"
25c30e354bd84be40a338f4d_0|0e3522f54bd900001b195164_0|22f520a14bd9000039e366cd_0|20a10f9c4bd900000da38210_0|25c30e354bd84be40a338f4d_1,CDG,SFO,Paris,San Francisco,839,"AF, AS, U2, N0"
25c3125b4bd84be02b33fcf9_0|125b0f9c4bd900001b0733c1_0|25c3125b4bd84be02b33fcf9_1,CDG,SFO,Paris,San Francisco,849,"AF, EI"
25c3003c4bd80000924fcae0_0|003c0f9c4bd90000890f4b9d_0|003c0f9c4bd90000890f4b9d_1|003c0f9c4bd90000890f4b9d_2,CDG,SFO,Paris,San Francisco,851,"JU, OS"
25c311d74bd8000040631be8_0|11d70f9c4bd9000016725374_0|11d70f9c4bd9000016725374_1|11d70f9c4bd9000016725374_2,CDG,SFO,Paris,San Francisco,872,"AF, IB"
25c30f9c4bd80000b628a3f3_0|25c30f9c4bd80000b628a3f3_1,CDG,SFO,Paris,San Francisco,876,EI
25c322f54bd80000cca4c664_0|22f5125b4bd90000d9e94bc2_0|125b0f9c4bd900001b0733c1_0,CDG,SFO,Paris,San Francisco,879,"FR, U2, EI"
25c3243e4bd80000f691d0a3_0|25c3243e4bd80000f691d0a3_1|243e0f9c4bd900003813f99c_0,CDG,SFO,Paris,San Francisco,884,"IB, AS"
25c3243e4bd80000f691d0a3_0|25c3243e4bd80000f691d0a3_1|243e0f9c4bd80000a1e884b2_0,CDG,SFO,Paris,San Francisco,888,"IB, DL"
25c3243e4bd80000f691d0a3_0|25c3243e4bd80000f691d0a3_1|243e0f9c4bd80000b1ba695f_0,CDG,SFO,Paris,San Francisco,888,"IB, UA"
25c303584bd8000007fc2653_0|03580f9c4bd90000459b0dbe_0|03580f9c4bd90000459b0dbe_1,CDG,SFO,Paris,San Francisco,890,"LH, U2, UA"
25c30f9c4bd800009fc407ca_0|25c30f9c4bd800009fc407ca_1,CDG,SFO,Paris,San Francisco,896,EI
25c3125b4bd800009919fdd3_0|25c3125b4bd800009919fdd3_1|125b0f9c4bd900001b0733c1_0,CDG,SFO,Paris,San Francisco,897,"LG, EI"
25c30f9c4bd80000605ae5fa_0|25c30f9c4bd80000605ae5fa_1|25c30f9c4bd80000605ae5fa_2,CDG,SFO,Paris,San Francisco,899,"AA, EI"
25c30f9c4bd800008a6264a7_0|25c30f9c4bd800008a6264a7_1|25c30f9c4bd800008a6264a7_2,CDG,SFO,Paris,San Francisco,899,"AA, EI"
25c3243e4bd80000f691d0a3_0|25c3243e4bd80000f691d0a3_1|243e0f9c4bd800006903b412_0,CDG,SFO,Paris,San Francisco,902,"IB, AS"
25c301af4bd8000028570128_0|01af093e4bd90000abeff8e3_0|093e0f9c4bd9000008cf3c38_0|093e0f9c4bd9000008cf3c38_1,CDG,SFO,Paris,San Francisco,904,"LH, FR, VY, UA"
25c3125b4bd84be02b33fcf9_0|125b0f9c4bd94be046422e79_0|125b0f9c4bd94be046422e79_1|25c3125b4bd84be02b33fcf9_1|125b0f9c4bd94be046422e79_2|125b0f9c4bd94be046422e79_3,CDG,SFO,Paris,San Francisco,913,"AF, LH"
25c3003c4bd80000488978b7_0|003c0f9c4bd90000890f4b9d_0|003c0f9c4bd90000890f4b9d_1|003c0f9c4bd90000890f4b9d_2,CDG,SFO,Paris,San Francisco,918,"AF, OS"
25c3003c4bd80000924fcae0_0|003c0f9c4bd9000058630317_0|003c0f9c4bd9000058630317_1,CDG,SFO,Paris,San Francisco,921,"LH, JU"
25c3003c4bd80000924fcae0_0|003c0f9c4bd90000263c26df_0|003c0f9c4bd90000263c26df_1,CDG,SFO,Paris,San Francisco,931,"LH, JU"
25c3125b4bd80000f750c393_0|125b0f9c4bd900001b0733c1_0,CDG,SFO,Paris,San Francisco,941,"AF, EI"
25c301af4bd8000028570128_0|01af03584bd9000095dc76ee_0|03580f9c4bd9000056521e05_0|03580f9c4bd9000056521e05_1,CDG,SFO,Paris,San Francisco,950,"VY, UA, TP"
25c3003c4bd80000488978b7_0|003c0f9c4bd9000058630317_0|003c0f9c4bd9000058630317_1,CDG,SFO,Paris,San Francisco,988,"AF, LH"
25c303584bd8000007fc2653_0|03580f9c4bd9000087c387a9_0|03580f9c4bd9000087c387a9_1,CDG,SFO,Paris,San Francisco,995,"U2, UA"
25c301af4bd8000028570128_0|01af0f9c4bd94bea9b17c854_0|01af0f9c4bd94bea9b17c854_1|01af0f9c4bd94bea9b17c854_2|01af0f9c4bd94bea9b17c854_3,CDG,SFO,Paris,San Francisco,1001,"LH, VY"
25c30f644bd84bed6e61d470_0|0f640f9c4bd84bdf6045ab18_0|0f640f9c4bd84bdf6045ab18_1|25c30f644bd84bed6e61d470_1,CDG,SFO,Paris,San Francisco,1075,"AY, BA"
25c30f644bd84be753f0e82b_0|0f640f9c4bd84bdf6045ab18_0|0f640f9c4bd84bdf6045ab18_1|25c30f644bd84be753f0e82b_1,CDG,SFO,Paris,San Francisco,1133,"AF, AY"
25c30f9c4bd84be54d9ba06f_0|25c30f9c4bd84be54d9ba06f_1|25c30f9c4bd84be54d9ba06f_2|25c30f9c4bd84be54d9ba06f_3,CDG,SFO,Paris,San Francisco,1365,SK
25c30f9c4bd80000d646067b_0,CDG,SFO,Paris,San Francisco,1782,LH
25c30f9c4bd84bdbd4170575_0|25c30f9c4bd84bdbd4170575_1,CDG,SFO,Paris,San Francisco,2652,AF
25c30f9c4bd800000934cff3_0,CDG,SFO,Paris,San Francisco,3394,DL
25c303584bd8000007fc2653_0|035804884bd900007d9750e6_0|035804884bd900007d9750e6_1,CDG,BOS,Paris,Boston,479,"U2, S4"
25c303584bd8000007fc2653_0|035804884bd900000d583848_0|035804884bd900000d583848_1|035804884bd900000d583848_2,CDG,BOS,Paris,Boston,484,"SP, U2, S4"
25c303584bd8000007fc2653_0|035816064bd900003014fcab_0|160604884bd9000066f7c6b3_0,CDG,BOS,Paris,Boston,497,"TP, U2, S4"
25c301af4bd8000028570128_0|01af16064bd9000057f3caf9_0|01af16064bd9000057f3caf9_1|160604884bd9000066f7c6b3_0,CDG,BOS,Paris,Boston,502,"VY, S4, TP"
25c303584bd8000007fc2653_0|035816064bd9000029865614_0|160604884bd9000066f7c6b3_0,CDG,BOS,Paris,Boston,502,"FR, U2, S4"
25c301af4bd8000028570128_0|01af22f54bd900000a047d4e_0|22f5062e4bda000067afd6b2_0|062e04884bda0000c2d418b5_0,CDG,BOS,Paris,Boston,512,"VY, U2, OG"
25c301af4bd8000028570128_0|01af125b4bd90000597dbebf_0|125b04884bda0000b508a929_0,CDG,BOS,Paris,Boston,550,"VY, EI"
25c301af4bd8000028570128_0|01af062e4bd90000c1927a9c_0|062e04884bd900002bee05d1_0,CDG,BOS,Paris,Boston,554,"VY, OG"
25c30e354bd84be40a338f4d_0|0e3518ff4bd90000eaeadcce_0|18ff062e4bda000079799af3_0|062e04884bda0000c2d418b5_0|25c30e354bd84be40a338f4d_1,CDG,BOS,Paris,Boston,576,"AF, U2, OG"
25c3062e4bd80000f11b786f_0|25c3062e4bd80000f11b786f_1|062e04884bd900002bee05d1_0,CDG,BOS,Paris,Boston,581,"AY, OG"
25c303584bd8000007fc2653_0|035804884bd9000071baba67_0|035804884bd9000071baba67_1,CDG,BOS,Paris,Boston,589,"U2, IB"
25c30e354bd84be40a338f4d_0|0e35125b4bd90000815bbaf1_0|125b04884bda0000b508a929_0|25c30e354bd84be40a338f4d_1,CDG,BOS,Paris,Boston,604,"AF, EI"
25c300ed4bd8000095dab846_0|25c300ed4bd8000095dab846_1|00ed01af4bd9000047b7586f_0|01af04884bda0000b8dbf7a6_0,CDG,BOS,Paris,Boston,620,"VY, AF"
25c304884bd84bfa00d6f94a_0|25c304884bd84bfa00d6f94a_1|25c304884bd84bfa00d6f94a_2|25c304884bd84bfa00d6f94a_3,CDG,BOS,Paris,Boston,626,SK
25c304884bd80000cc096ae8_0|25c304884bd80000cc096ae8_1,CDG,BOS,Paris,Boston,631,EI
25c303584bd84be908f3605f_0|035804884bd9000071baba67_0|035804884bd9000071baba67_1|25c303584bd84be908f3605f_1,CDG,BOS,Paris,Boston,634,"AF, IB"
25c3062e4bd800009d9cd615_0|25c3062e4bd800009d9cd615_1|062e04884bd80000e5a3b1e4_0,CDG,BOS,Paris,Boston,661,"LH, OG"
25c303584bd800007da5e8dd_0|035804884bd9000071baba67_0|035804884bd9000071baba67_1,CDG,BOS,Paris,Boston,662,"AF, IB"
25c303464bd800005f49ec61_0|25c303464bd800005f49ec61_1|0346125b4bd900008bcbdad0_0|125b04884bda0000b508a929_0,CDG,BOS,Paris,Boston,664,"AF, FR, EI"
25c3125b4bd84be02b33fcf9_0|125b03584bd900002635228e_0|035804884bd9000071baba67_0|035804884bd9000071baba67_1|25c3125b4bd84be02b33fcf9_1,CDG,BOS,Paris,Boston,669,"AF, TP, IB"
25c3125b4bd84be63a76531f_0|125b04884bd800009512c461_0|25c3125b4bd84be63a76531f_1,CDG,BOS,Paris,Boston,700,"AF, EI"
25c3125b4bd84be02b33fcf9_0|125b04884bd90000efbd4194_0|125b04884bd90000efbd4194_1|25c3125b4bd84be02b33fcf9_1,CDG,BOS,Paris,Boston,711,"AF, TK"
25c3125b4bd84be02b33fcf9_0|125b032d4bd9000097f140aa_0|032d0a194bd900002d92449c_0|0a1904884bd90000e5df93a8_0|25c3125b4bd84be02b33fcf9_1,CDG,BOS,Paris,Boston,723,"AF, FR, EI"
25c311f14bd80000dcd1ddb3_0|11f1032d4bd90000802f235a_0|032d0a194bd900002d92449c_0|0a1904884bd90000e5df93a8_0,CDG,BOS,Paris,Boston,724,"FR, U2, EI"
25c3125b4bd84be02b33fcf9_0|125b04884bd900005c32b44d_0|25c3125b4bd84be02b33fcf9_1,CDG,BOS,Paris,Boston,725,"AF, EI"
25c30e354bd84be40a338f4d_0|0e3522f54bd900001b195164_0|22f520a14bd9000039e366cd_0|20a104884bda0000427e6ecf_0|25c30e354bd84be40a338f4d_1,CDG,BOS,Paris,Boston,725,"AF, B6, U2, N0"
25c30e354bd84be40a338f4d_0|0e3522f54bd900001b195164_0|22f520a14bd9000039e366cd_0|20a104884bda0000b21f263a_0|25c30e354bd84be40a338f4d_1,CDG,BOS,Paris,Boston,725,"AF, DL, U2, N0"
25c30e354bd80000e20ee27d_0|0e35125b4bd90000815bbaf1_0|125b04884bda0000b508a929_0,CDG,BOS,Paris,Boston,726,"AF, EI"
25c301af4bd8000028570128_0|01af0bce4bd900002389fc8c_0|0bce04884bd90000a88e37db_0|0bce04884bd90000a88e37db_1,CDG,BOS,Paris,Boston,729,"VY, TK"
25c300424bd80000a09287fa_0|25c300424bd80000a09287fa_1|004220a14bd80000403dffc8_0|20a104884bd90000f829b966_0,CDG,BOS,Paris,Boston,730,"DL, SK, N0"
25c300424bd80000c22b7718_0|004220a14bd80000403dffc8_0|20a104884bd90000f829b966_0,CDG,BOS,Paris,Boston,733,"DL, U2, N0"
25c30f644bd800004da8f32c_0|25c30f644bd800004da8f32c_1|25c30f644bd800004da8f32c_2|0f6404884bda4bdd727be917_0|0f6404884bda4bdd727be917_1|0f6404884bda4bdd727be917_2,CDG,BOS,Paris,Boston,733,"AF, KL"
25c301af4bd8000028570128_0|01af0bce4bd90000c431d18b_0|0bce04884bd90000a88e37db_0|0bce04884bd90000a88e37db_1,CDG,BOS,Paris,Boston,735,"VY, TK"
25c307f04bd800002601cbd9_0|07f023334bd900006d4deb9a_0|233304884bda000079d615ba_0|233304884bda000079d615ba_1,CDG,BOS,Paris,Boston,751,"W6, U2, LH"
25c304884bd800008a11f307_0|25c304884bd800008a11f307_1,CDG,BOS,Paris,Boston,753,OG
25c323334bd80000b3ae4894_0|25c323334bd80000b3ae4894_1|233304884bda000079d615ba_0|233304884bda000079d615ba_1,CDG,BOS,Paris,Boston,754,"LH, A3"
25c300424bd84be724c3e22e_0|004220a14bd80000403dffc8_0|20a104884bd90000f829b966_0|25c300424bd84be724c3e22e_1,CDG,BOS,Paris,Boston,756,"AF, DL, N0"
25c3125b4bd84be02b33fcf9_0|125b04884bd9000072c23f06_0|125b04884bd9000072c23f06_1|25c3125b4bd84be02b33fcf9_1,CDG,BOS,Paris,Boston,766,"AF, LH"
25c30e354bd84be40a338f4d_0|0e3522f54bd900001b195164_0|22f520a14bd9000039e366cd_0|20a104884bd900003164bbff_0|25c30e354bd84be40a338f4d_1,CDG,BOS,Paris,Boston,767,"AF, AA, U2, N0"
25c30e354bd84be40a338f4d_0|0e3522f54bd900001b195164_0|22f520a14bd9000039e366cd_0|20a104884bd90000e0ecd25b_0|25c30e354bd84be40a338f4d_1,CDG,BOS,Paris,Boston,767,"AF, DL, U2, N0"
25c3125b4bd84be02b33fcf9_0|125b04884bd9000066da7d50_0|125b04884bd9000066da7d50_1|25c3125b4bd84be02b33fcf9_1,CDG,BOS,Paris,Boston,783,"AF, LH"
25c3125b4bd84be02b33fcf9_0|125b04884bd90000cc568b89_0|125b04884bd90000cc568b89_1|25c3125b4bd84be02b33fcf9_1,CDG,BOS,Paris,Boston,786,"AF, OS"
25c3125b4bd80000aff5c3d2_0|125b04884bd800009512c461_0,CDG,BOS,Paris,Boston,787,EI
25c310e84bd800004736bf7d_0|25c310e84bd800004736bf7d_1|10e804884bd94bf4035c74f5_0|10e804884bd94bf4035c74f5_1|10e804884bd94bf4035c74f5_2|10e804884bd94bf4035c74f5_3,CDG,BOS,Paris,Boston,790,"AF, SK"
25c304884bd80000cb64aef1_0|25c304884bd80000cb64aef1_1,CDG,BOS,Paris,Boston,796,EI
25c3125b4bd80000a89807cb_0|125b04884bd800009512c461_0,CDG,BOS,Paris,Boston,810,EI
25c304884bd80000f4d9bbca_0|25c304884bd80000f4d9bbca_1,CDG,BOS,Paris,Boston,810,EI
25c3003c4bd80000488978b7_0|003c04884bd90000b28bee1b_0|003c04884bd90000b28bee1b_1|003c04884bd90000b28bee1b_2,CDG,BOS,Paris,Boston,810,"AF, OS"
25c310e84bd800004736bf7d_0|25c310e84bd800004736bf7d_1|10e804884bd9000023f982b4_0|10e804884bd9000023f982b4_1,CDG,BOS,Paris,Boston,819,"AF, EI"
25c30f644bd8000037f980ff_0|0f640a194bd900002095b725_0|0a1904884bd90000e5df93a8_0,CDG,BOS,Paris,Boston,821,"AF, EI"
25c3125b4bd84be63a76531f_0|125b04884bd8000090726852_0|125b04884bd8000090726852_1|25c3125b4bd84be63a76531f_1,CDG,BOS,Paris,Boston,827,"AF, LX"
25c3125b4bd84be02b33fcf9_0|125b04884bd94bf271947743_0|125b04884bd94bf271947743_1|25c3125b4bd84be02b33fcf9_1|125b04884bd94bf271947743_2|125b04884bd94bf271947743_3,CDG,BOS,Paris,Boston,837,"AF, KL"
25c3003c4bd80000924fcae0_0|003c04884bd900003c4cf549_0|003c04884bd900003c4cf549_1,CDG,BOS,Paris,Boston,840,"JU, LH"
25c3125b4bd80000f750c393_0|125b032d4bd9000097f140aa_0|032d0a194bd900002d92449c_0|0a1904884bd90000e5df93a8_0,CDG,BOS,Paris,Boston,862,"AF, FR, EI"
25c3125b4bd80000f750c393_0|125b04884bd900005c32b44d_0,CDG,BOS,Paris,Boston,864,"AF, EI"
25c31fb04bd8000023c0f150_0|1fb004884bd80000230bc552_0|1fb004884bd80000230bc552_1,CDG,BOS,Paris,Boston,885,"TK, U2"
25c3125b4bd80000f750c393_0|125b04884bd9000072c23f06_0|125b04884bd9000072c23f06_1,CDG,BOS,Paris,Boston,906,"AF, LH"
25c3003c4bd80000488978b7_0|003c04884bd90000ced59e15_0|003c04884bd90000ced59e15_1,CDG,BOS,Paris,Boston,908,"AF, LX"
25c3003c4bd80000488978b7_0|003c04884bd900003c4cf549_0|003c04884bd900003c4cf549_1,CDG,BOS,Paris,Boston,910,"AF, LH"
25c3125b4bd80000f750c393_0|125b04884bd9000066da7d50_0|125b04884bd9000066da7d50_1,CDG,BOS,Paris,Boston,925,"AF, LH"
25c3125b4bd80000f750c393_0|125b04884bd90000cc568b89_0|125b04884bd90000cc568b89_1,CDG,BOS,Paris,Boston,927,"AF, OS"
25c31cce4bd84bdf04b08de9_0|1cce20a14bd80000f75db5e7_0|20a104884bd90000f829b966_0|25c31cce4bd84bdf04b08de9_1,CDG,BOS,Paris,Boston,944,"AF, DL, N0"
25c307f04bd800002601cbd9_0|07f004884bd9000026ca3262_0|07f004884bd9000026ca3262_1,CDG,BOS,Paris,Boston,944,"TK, U2"
25c31cce4bd800006daaf412_0|1cce20a14bd80000f75db5e7_0|20a104884bd90000f829b966_0,CDG,BOS,Paris,Boston,951,"DL, SK, N0"
25c30f644bd84bdf1da1abe2_0|0f6404884bd84beb1ad89622_0|25c30f644bd84bdf1da1abe2_1|0f6404884bd84beb1ad89622_1|0f6404884bd84beb1ad89622_2,CDG,BOS,Paris,Boston,965,"AF, LH"
25c30f644bd84bed6e61d470_0|0f6404884bd84beb1ad89622_0|0f6404884bd84beb1ad89622_1|0f6404884bd84beb1ad89622_2|25c30f644bd84bed6e61d470_1,CDG,BOS,Paris,Boston,1004,"BA, LH"
25c30f644bd84be753f0e82b_0|0f6404884bd84beb1ad89622_0|25c30f644bd84be753f0e82b_1|0f6404884bd84beb1ad89622_1|0f6404884bd84beb1ad89622_2,CDG,BOS,Paris,Boston,1008,"AF, LH"
25c301af4bd8000028570128_0|01af04884bd90000428693be_0|01af04884bd90000428693be_1,CDG,BOS,Paris,Boston,1019,"VY, TP"
25c303584bd8000007fc2653_0|035804884bd9000078fa0d25_0,CDG,BOS,Paris,Boston,1047,"TP, U2"
25c303584bd80000cc049c8e_0|035804884bd8000058b9d83c_0,CDG,BOS,Paris,Boston,1081,"TP, U2"
25c301af4bd800002f3ac531_0|01af04884bd80000d16b9f12_0|01af04884bd80000d16b9f12_1,CDG,BOS,Paris,Boston,1081,"VY, TP"
25c304884bd84be6bd75aa88_0|25c304884bd84be6bd75aa88_1|25c304884bd84be6bd75aa88_2,CDG,BOS,Paris,Boston,2618,AF
25c304884bd8000053dc5c1b_0,CDG,BOS,Paris,Boston,3423,DL
25c304884bd800006c43b275_0,CDG,BOS,Paris,Boston,3426,DL
05e6018c4bd8000076d4dcc0_0|018c19ef4bd80000765f6e47_0|19ef22f54bd90000f10417bc_0|22f520a14bda0000d0d97ba9_0,SHJ,JFK,Dubai,New York,616,"N0, G9, W6"
21dd018c4bd800007a3d2cca_0|018c19ef4bd80000765f6e47_0|19ef22f54bd900001867b289_0|22f520a14bd9000039e366cd_0,DXB,JFK,Dubai,New York,630,"N0, XY, W6"
05e61db84bd8000067eb5ed0_0|1db80b774bd900005092da25_0|0b7700424bd900005a4ddc99_0|004220a14bda0000674a5699_0,SHJ,JFK,Dubai,New York,638,"N0, G9, FR, PC"
05e6018c4bd8000076d4dcc0_0|018c19ef4bd80000765f6e47_0|19ef22f54bd900001867b289_0|22f520a14bd9000039e366cd_0,SHJ,JFK,Dubai,New York,646,"N0, G9, W6"
05e61db84bd8000067eb5ed0_0|1db8192e4bd9000028b6ca00_0|192e22f54bd900003deb3ab8_0|22f520a14bda0000d0d97ba9_0,SHJ,JFK,Dubai,New York,658,"N0, G9, U2, PC"
21dd07f04bd8000066c8f234_0|21dd07f04bd8000066c8f234_1|07f022f54bd9000065cc6824_0|22f520a14bda0000d0d97ba9_0,DXB,JFK,Dubai,New York,661,"N0, RJ, U2"
05e61db84bd8000067eb5ed0_0|1db817294bd90000567fd504_0|1db817294bd90000567fd504_1|172920a14bda0000a65d0916_0,SHJ,JFK,Dubai,New York,680,"G9, DE, PC"
21dd07f04bd8000066c8f234_0|21dd07f04bd8000066c8f234_1|07f020a14bda000086e895cf_0,DXB,JFK,Dubai,New York,681,"RJ, NO"
05e61db84bd8000067eb5ed0_0|1db8192e4bd9000028b6ca00_0|192e22f54bd90000d770bcb2_0|22f520a14bda0000d0d97ba9_0,SHJ,JFK,Dubai,New York,683,"XQ, G9, N0, PC"
21dd170f4bd8000007331822_0|21dd170f4bd8000007331822_1|170f20a14bd94bddf4bfd283_0|170f20a14bd94bddf4bfd283_1|170f20a14bd94bddf4bfd283_2|170f20a14bd94bddf4bfd283_3,DXB,JFK,Dubai,New York,738,"DL, GF"
21dd170f4bd80000fe573c5e_0|21dd170f4bd80000fe573c5e_1|170f20a14bd94bf51ad3710e_0|170f20a14bd94bf51ad3710e_1|170f20a14bd94bf51ad3710e_2|170f20a14bd94bf51ad3710e_3,DXB,JFK,Dubai,New York,740,"DL, KU"
21dd170f4bd8000007331822_0|21dd170f4bd8000007331822_1|170f20a14bd94bf51ad3710e_0|170f20a14bd94bf51ad3710e_1|170f20a14bd94bf51ad3710e_2|170f20a14bd94bf51ad3710e_3,DXB,JFK,Dubai,New York,759,"DL, GF"
05e61db84bd8000067eb5ed0_0|1db817294bd90000a993c334_0|172920a14bda0000a65d0916_0,SHJ,JFK,Dubai,New York,776,"G9, DE, PC"
21dd10074bd80000f78ca2d7_0|100722f54bd800001439ef43_0|22f520a14bd9000039e366cd_0,DXB,JFK,Dubai,New York,783,"N0, W9, LY"
21dd1db84bd800009cb66d19_0|21dd1db84bd800009cb66d19_1|1db800424bda00009d39fb4f_0|004220a14bda0000674a5699_0,DXB,JFK,Dubai,New York,784,"N0, QR, PC"
05e61db84bd8000067eb5ed0_0|1db823334bd90000ab11131f_0|233320a14bda0000c4c3b94f_0|233320a14bda0000c4c3b94f_1,SHJ,JFK,Dubai,New York,789,"LH, G9, PC"
21dd170f4bd8000007331822_0|21dd170f4bd8000007331822_1|170f20a14bda000088f548a1_0|170f20a14bda000088f548a1_1,DXB,JFK,Dubai,New York,812,"JU, GF"
21dd043c4bd80000cb313946_0|043c20a14bd90000ef8595b1_0|043c20a14bd90000ef8595b1_1|043c20a14bd90000ef8595b1_2,DXB,JFK,Dubai,New York,816,"F3, ET"
21dd018c4bd800007a3d2cca_0|018c19ef4bd80000765f6e47_0|19ef07f04bd9000092cd4d85_0|07f020a14bd94be0489e90da_0|07f020a14bd94be0489e90da_1,DXB,JFK,Dubai,New York,817,"XY, AY, FR, W6"
21dd043c4bd80000cb313946_0|043c20a14bd9000023362252_0|043c20a14bd9000023362252_1,DXB,JFK,Dubai,New York,819,"F3, ET"
05e612724bd800008e3b4b25_0|127220a14bd900000f985ff1_0|127220a14bd900000f985ff1_1,SHJ,JFK,Dubai,New York,832,"G9, TK"
21dd12724bd80000e436843a_0|127220a14bd80000f2fdbec1_0|127220a14bd80000f2fdbec1_1,DXB,JFK,Dubai,New York,879,"TK, FZ"
21dd12724bd80000cfd4b455_0|127220a14bd900000f985ff1_0|127220a14bd900000f985ff1_1,DXB,JFK,Dubai,New York,879,"TK, FZ"
21dd12724bd80000e35b4023_0|127220a14bd900000f985ff1_0|127220a14bd900000f985ff1_1,DXB,JFK,Dubai,New York,880,"TK, FZ"
21dd003f4bd80000ba127229_0|003f20a14bd900006351d283_0|003f20a14bd900006351d283_1,DXB,JFK,Dubai,New York,919,"TK, FZ"
21dd12724bd80000e7388892_0|21dd12724bd80000e7388892_1|127220a14bd900000f985ff1_0|127220a14bd900000f985ff1_1,DXB,JFK,Dubai,New York,921,"TK, GF"
05e612724bd800008e3b4b25_0|127220a14bd94be731b1d3f7_0|127220a14bd94be731b1d3f7_1|127220a14bd94be731b1d3f7_2|127220a14bd94be731b1d3f7_3,SHJ,JFK,Dubai,New York,944,"DL, G9"
21dd174d4bd8000012908dfd_0|174d20a14bd9000073a2021d_0|174d20a14bd9000073a2021d_1,DXB,JFK,Dubai,New York,947,"FZ, LH"
21dd018c4bd800001468b40f_0|018c19ef4bd80000765f6e47_0|19ef07f04bd9000092cd4d85_0|07f020a14bd94be0489e90da_0|07f020a14bd94be0489e90da_1,DXB,JFK,Dubai,New York,950,"AY, FR, FZ, W6"
05e620a14bd800000d9e2e26_0|05e620a14bd800000d9e2e26_1,SHJ,JFK,Dubai,New York,963,QR
21dd003f4bd8000015c9ee20_0|21dd003f4bd8000015c9ee20_1|003f20a14bd900006351d283_0|003f20a14bd900006351d283_1,DXB,JFK,Dubai,New York,975,"TK, QR"
05e612724bd800008e3b4b25_0|127220a14bd90000e2fdc4e7_0|127220a14bd90000e2fdc4e7_1,SHJ,JFK,Dubai,New York,1002,"G9, TK"
21dd0b774bd8000072f8123a_0|0b77032d4bd90000d14d7422_0|032d062e4bd90000142bf1bf_0|062e20a14bd90000cf64e40e_0,DXB,JFK,Dubai,New York,1003,"FI, OG, FR, W6"
21dd12724bd80000cfd4b455_0|127220a14bd94be7b8409765_0|127220a14bd94be7b8409765_1|127220a14bd94be7b8409765_2|127220a14bd94be7b8409765_3,DXB,JFK,Dubai,New York,1005,"FZ, KL"
21dd12724bd80000e35b4023_0|127220a14bd94be7b8409765_0|127220a14bd94be7b8409765_1|127220a14bd94be7b8409765_2|127220a14bd94be7b8409765_3,DXB,JFK,Dubai,New York,1006,"FZ, KL"
21dd12724bd800005456f8c2_0|127220a14bd900000f985ff1_0|127220a14bd900000f985ff1_1,DXB,JFK,Dubai,New York,1007,"TK, KU"
21dd12724bd80000c87613e0_0|127220a14bd900000f985ff1_0|127220a14bd900000f985ff1_1,DXB,JFK,Dubai,New York,1008,"TK, FZ"
21dd07e04bd8000062c94d00_0|21dd07e04bd8000062c94d00_1|07e020a14bd90000f15b1c71_0|07e020a14bd90000f15b1c71_1,DXB,JFK,Dubai,New York,1009,"KU, AT"
21dd12724bd80000cfd4b455_0|127220a14bd94be7428780b9_0|127220a14bd94be7428780b9_1|127220a14bd94be7428780b9_2|127220a14bd94be7428780b9_3,DXB,JFK,Dubai,New York,1012,"FZ, KL"
21dd12724bd80000e35b4023_0|127220a14bd94be7428780b9_0|127220a14bd94be7428780b9_1|127220a14bd94be7428780b9_2|127220a14bd94be7428780b9_3,DXB,JFK,Dubai,New York,1013,"FZ, KL"
21dd0b774bd8000072f8123a_0|0b77125b4bd900000602e7d0_0|125b20a14bd90000d82cca65_0,DXB,JFK,Dubai,New York,1045,"FR, EI, W6"
05e6003f4bd80000348bf8ca_0|05e6003f4bd80000348bf8ca_1|003f20a14bd8000018fe489e_0|003f20a14bd8000018fe489e_1,SHJ,JFK,Dubai,New York,1048,"TK, QR"
21dd12724bd80000cfd4b455_0|127220a14bd90000e2fdc4e7_0|127220a14bd90000e2fdc4e7_1,DXB,JFK,Dubai,New York,1053,"TK, FZ"
21dd12724bd80000e35b4023_0|127220a14bd90000e2fdc4e7_0|127220a14bd90000e2fdc4e7_1,DXB,JFK,Dubai,New York,1054,"TK, FZ"
21dd11af4bd800003998ed85_0|21dd11af4bd800003998ed85_1|21dd11af4bd800003998ed85_2|11af20a14bd94bfc0f37a456_0|11af20a14bd94bfc0f37a456_1,DXB,JFK,Dubai,New York,1108,"DL, ET"
21dd0b774bd8000072f8123a_0|0b7720a14bd90000df9f388e_0|0b7720a14bd90000df9f388e_1,DXB,JFK,Dubai,New York,1114,"LX, W6"
21dd0b774bd8000072f8123a_0|0b7720a14bd900008c376a7b_0|0b7720a14bd900008c376a7b_1,DXB,JFK,Dubai,New York,1115,"LH, W6"
21dd12724bd80000c87613e0_0|127220a14bd94be731b1d3f7_0|127220a14bd94be731b1d3f7_1|127220a14bd94be731b1d3f7_2|127220a14bd94be731b1d3f7_3,DXB,JFK,Dubai,New York,1122,"DL, FZ"
21dd12724bd80000c87613e0_0|127220a14bd94bde44fdfb7c_0|127220a14bd94bde44fdfb7c_1|127220a14bd94bde44fdfb7c_2|127220a14bd94bde44fdfb7c_3|127220a14bd94bde44fdfb7c_4,DXB,JFK,Dubai,New York,1129,"DL, FZ"
21dd12724bd80000c87613e0_0|127220a14bd94be7b8409765_0|127220a14bd94be7b8409765_1|127220a14bd94be7b8409765_2|127220a14bd94be7b8409765_3,DXB,JFK,Dubai,New York,1134,"FZ, KL"
21dd12724bd80000c87613e0_0|127220a14bd94be7428780b9_0|127220a14bd94be7428780b9_1|127220a14bd94be7428780b9_2|127220a14bd94be7428780b9_3,DXB,JFK,Dubai,New York,1141,"FZ, KL"
21dd12724bd800005456f8c2_0|127220a14bd90000e2fdc4e7_0|127220a14bd90000e2fdc4e7_1,DXB,JFK,Dubai,New York,1180,"TK, KU"
21dd12724bd80000c87613e0_0|127220a14bd90000e2fdc4e7_0|127220a14bd90000e2fdc4e7_1,DXB,JFK,Dubai,New York,1182,"TK, FZ"
21dd170f4bd80000fe573c5e_0|21dd170f4bd80000fe573c5e_1|170f20a14bd94ceaa3dd9540_0|170f20a14bd94ceaa3dd9540_1|170f20a14bd94ceaa3dd9540_2|170f20a14bd94ceaa3dd9540_3,DXB,JFK,Dubai,New York,1443,"DL, KU"
05e61b364bd80000466118aa_0|05e61b364bd80000466118aa_1|1b3620a14bd900007d0a22c6_0,SHJ,JFK,Dubai,New York,1524,"AA, QR"
05e61b364bd80000466118aa_0|05e61b364bd80000466118aa_1|1b3620a14bd9000057837d84_0,SHJ,JFK,Dubai,New York,1603,"DL, QR"
05e60f9c4bd80000c624c341_0|05e60f9c4bd80000c624c341_1|05e60f9c4bd80000c624c341_2,SHJ,SFO,Dubai,San Francisco,816,"AA, QR"
21dd170f4bd80000fe573c5e_0|21dd170f4bd80000fe573c5e_1|170f0f9c4bd94bdf46a69b68_0|170f0f9c4bd94bdf46a69b68_1|170f0f9c4bd94bdf46a69b68_2|170f0f9c4bd94bdf46a69b68_3,DXB,SFO,Dubai,San Francisco,816,"DL, KU"
21dd170f4bd8000007331822_0|21dd170f4bd8000007331822_1|170f0f9c4bd94bdf46a69b68_0|170f0f9c4bd94bdf46a69b68_1|170f0f9c4bd94bdf46a69b68_2|170f0f9c4bd94bdf46a69b68_3,DXB,SFO,Dubai,San Francisco,835,"DL, GF"
21dd10074bd80000d76cf1f4_0|21dd10074bd80000d76cf1f4_1|1007243e4bda00004988f75a_0|243e0f9c4bda0000e29a7b51_0,DXB,SFO,Dubai,San Francisco,845,"AS, LY, GF"
21dd07f04bd8000066c8f234_0|21dd07f04bd8000066c8f234_1|07f00f9c4bda4cdcdcf58ca2_0|07f00f9c4bda4cdcdcf58ca2_1|07f00f9c4bda4cdcdcf58ca2_2|07f00f9c4bda4cdcdcf58ca2_3,DXB,SFO,Dubai,San Francisco,849,"SK, RJ"
21dd10074bd80000f78ca2d7_0|10070a7c4bd80000a1974c08_0|0a7c0f9c4bd90000a737e6fe_0,DXB,SFO,Dubai,San Francisco,878,"BF, TO, LY"
21dd10074bd80000f78ca2d7_0|1007243e4bd9000042e4e626_0|243e0f9c4bda0000722566c0_0,DXB,SFO,Dubai,San Francisco,893,"AS, LY"
21dd043c4bd800003c24692b_0|043c0f0c4bd80000221774cc_0|0f0c0a7c4bd90000e17b7fb2_0|0a7c0f9c4bd90000a737e6fe_0,DXB,SFO,Dubai,San Francisco,895,"VY, BF, W6, F3"
05e60f9c4bd80000783879f6_0|05e60f9c4bd80000783879f6_1,SHJ,SFO,Dubai,San Francisco,914,QR
21dd10074bd84bdd6a9b2574_0|21dd10074bd84bdd6a9b2574_1|1007243e4bda00004988f75a_0|243e0f9c4bda0000e29a7b51_0|21dd10074bd84bdd6a9b2574_2|21dd10074bd84bdd6a9b2574_3,DXB,SFO,Dubai,San Francisco,944,"AS, LY, RJ"
21dd07f04bd8000066c8f234_0|21dd07f04bd8000066c8f234_1|07f020a14bda000086e895cf_0|20a10f9c4bda00004ed8faf2_0,DXB,SFO,Dubai,San Francisco,953,"NO, B6, RJ"
21dd10074bd80000f78ca2d7_0|1007243e4bd9000042e4e626_0|243e0f9c4bd90000fdd7735e_0,DXB,SFO,Dubai,San Francisco,975,"AS, LY"
21dd10074bd80000f78ca2d7_0|1007243e4bd9000042e4e626_0|243e0f9c4bd90000e661e63a_0,DXB,SFO,Dubai,San Francisco,979,"UA, LY"
21dd07f04bd8000066c8f234_0|21dd07f04bd8000066c8f234_1|07f020a14bda000086e895cf_0|20a10f9c4bda00004ad8b64f_0,DXB,SFO,Dubai,San Francisco,990,"AA, NO, RJ"
21dd21334bd80000ffb00eb6_0|21dd21334bd80000ffb00eb6_1|21dd21334bd80000ffb00eb6_2|21330f9c4bda00002d490dc0_0,DXB,SFO,Dubai,San Francisco,992,"AS, F8, QR"
21dd10074bd84bdde067ab5a_0|21dd10074bd84bdde067ab5a_1|1007243e4bd9000042e4e626_0|243e0f9c4bd90000fdd7735e_0|21dd10074bd84bdde067ab5a_2|21dd10074bd84bdde067ab5a_3,DXB,SFO,Dubai,San Francisco,1026,"AS, LY, RJ"
21dd10074bd84bdde067ab5a_0|21dd10074bd84bdde067ab5a_1|1007243e4bd9000042e4e626_0|243e0f9c4bd90000e661e63a_0|21dd10074bd84bdde067ab5a_2|21dd10074bd84bdde067ab5a_3,DXB,SFO,Dubai,San Francisco,1029,"UA, LY, RJ"
21dd10074bd800004b10b66e_0|1007243e4bd9000042e4e626_0|243e0f9c4bd90000fdd7735e_0,DXB,SFO,Dubai,San Francisco,1044,"FZ, AS, LY"
21dd10074bd800004b10b66e_0|1007243e4bd9000042e4e626_0|243e0f9c4bd90000e661e63a_0,DXB,SFO,Dubai,San Francisco,1048,"FZ, UA, LY"
21dd19e04bd800009c9b89a3_0|21dd19e04bd800009c9b89a3_1|19e00f9c4bda00004ace8bed_0|19e00f9c4bda00004ace8bed_1,DXB,SFO,Dubai,San Francisco,1057,"LH, QR"
21dd043c4bd80000cb313946_0|043c170f4bd90000c136acd3_0|170f0f9c4bda4be440170736_0|170f0f9c4bda4be440170736_1|170f0f9c4bda4be440170736_2|170f0f9c4bda4be440170736_3,DXB,SFO,Dubai,San Francisco,1060,"DL, F3"
21dd043c4bd80000cb313946_0|043c20a14bd9000023362252_0|043c20a14bd9000023362252_1|20a10f9c4bda0000f55424fd_0,DXB,SFO,Dubai,San Francisco,1087,"ET, AS, F3"
21dd043c4bd80000cb313946_0|043c20a14bd9000023362252_0|043c20a14bd9000023362252_1|20a10f9c4bda000005bca9a1_0,DXB,SFO,Dubai,San Francisco,1092,"ET, B6, F3"
21dd043c4bd80000cb313946_0|043c20a14bd9000023362252_0|043c20a14bd9000023362252_1|20a10f9c4bda0000fbb8650c_0,DXB,SFO,Dubai,San Francisco,1092,"DL, ET, F3"
21dd10074bd80000f78ca2d7_0|10070f9c4bd94be792697d4f_0|10070f9c4bd94be792697d4f_1,DXB,SFO,Dubai,San Francisco,1111,"UA, LY"
21dd043c4bd80000cb313946_0|043c170f4bd90000c136acd3_0|170f0f9c4bda0000a4028acf_0,DXB,SFO,Dubai,San Francisco,1114,"TK, F3"
21dd174d4bd8000012908dfd_0|174d0f9c4bd90000f4767a08_0|174d0f9c4bd90000f4767a08_1,DXB,SFO,Dubai,San Francisco,1120,"FZ, LH"
21dd12724bd80000c87613e0_0|12721db84bd900005481e2d3_0|1db80a7c4bd900005a2c1ef2_0|0a7c0f9c4bd90000a737e6fe_0,DXB,SFO,Dubai,San Francisco,1137,"FZ, PC, BF"
21dd10074bd84bdde067ab5a_0|21dd10074bd84bdde067ab5a_1|10070f9c4bd94be792697d4f_0|21dd10074bd84bdde067ab5a_2|21dd10074bd84bdde067ab5a_3|10070f9c4bd94be792697d4f_1,DXB,SFO,Dubai,San Francisco,1162,"UA, RJ"
21dd10074bd84bdd6a9b2574_0|21dd10074bd84bdd6a9b2574_1|10070f9c4bda4c13176d5ade_0|21dd10074bd84bdd6a9b2574_2|21dd10074bd84bdd6a9b2574_3|10070f9c4bda4c13176d5ade_1|10070f9c4bda4c13176d5ade_2,DXB,SFO,Dubai,San Francisco,1162,"UA, RJ"
21dd10074bd84bdd6a9b2574_0|21dd10074bd84bdd6a9b2574_1|10070f9c4bd94be4bc41bf8f_0|10070f9c4bd94be4bc41bf8f_1|21dd10074bd84bdd6a9b2574_2|21dd10074bd84bdd6a9b2574_3|10070f9c4bd94be4bc41bf8f_2,DXB,SFO,Dubai,San Francisco,1168,"UA, RJ"
21dd10074bd800004b10b66e_0|10070f9c4bd94be792697d4f_0|10070f9c4bd94be792697d4f_1,DXB,SFO,Dubai,San Francisco,1180,"FZ, UA"
21dd043c4bd80000cb313946_0|043c1db84bd90000ea05dc94_0|1db80a7c4bd90000b34fbbc7_0|0a7c0f9c4bd90000a737e6fe_0,DXB,SFO,Dubai,San Francisco,1181,"PC, TK, BF, F3"
21dd12724bd80000c87613e0_0|12720f9c4bd90000bd59a9cc_0|12720f9c4bd90000bd59a9cc_1,DXB,SFO,Dubai,San Francisco,1210,"FZ, TK"
21dd12724bd80000e436843a_0|127220a14bd80000f2fdbec1_0|127220a14bd80000f2fdbec1_1|20a10f9c4bd900005c04f8a7_0,DXB,SFO,Dubai,San Francisco,1219,"FZ, TK, B6"
21dd12724bd80000e436843a_0|127220a14bd80000f2fdbec1_0|127220a14bd80000f2fdbec1_1|20a10f9c4bd9000012827868_0,DXB,SFO,Dubai,San Francisco,1219,"FZ, TK, DL"
21dd10074bd80000f78ca2d7_0|10070f9c4bd90000adad73ae_0|10070f9c4bd90000adad73ae_1,DXB,SFO,Dubai,San Francisco,1223,"AS, LY"
05e6215c4bd80000581c3187_0|215c18844bd80000bd004dec_0|18840f9c4bd9000000e5fbd3_0,SHJ,SFO,Dubai,San Francisco,1251,"UA, TR, G9"
21dd10074bd800004b10b66e_0|10070f9c4bd90000adad73ae_0|10070f9c4bd90000adad73ae_1,DXB,SFO,Dubai,San Francisco,1293,"FZ, AS, LY"
21dd0f9c4bd80000ad478570_0|21dd0f9c4bd80000ad478570_1,DXB,SFO,Dubai,San Francisco,1300,QR
21dd05f34bd800005a73670e_0|05f30f9c4bd90000710cd395_0|05f30f9c4bd90000710cd395_1|05f30f9c4bd90000710cd395_2,DXB,SFO,Dubai,San Francisco,1300,"FZ, LH"
05e619e04bd800009895d04a_0|05e619e04bd800009895d04a_1|19e00f9c4bda00004ace8bed_0|19e00f9c4bda00004ace8bed_1,SHJ,SFO,Dubai,San Francisco,1387,"LH, QR"
21dd10074bd800004b10b66e_0|10070f9c4bd900000f7e300c_0,DXB,SFO,Dubai,San Francisco,1453,"FZ, UA"
21dd170f4bd80000fe573c5e_0|21dd170f4bd80000fe573c5e_1|170f0f9c4bd94bdf043aecb0_0|170f0f9c4bd94bdf043aecb0_1|170f0f9c4bd94bdf043aecb0_2|170f0f9c4bd94bdf043aecb0_3,DXB,SFO,Dubai,San Francisco,1545,"DL, KU"
21dd07f04bd8000066c8f234_0|21dd07f04bd8000066c8f234_1|07f001af4bd90000a8ef0b36_0|01af04884bda0000b8dbf7a6_0,DXB,BOS,Dubai,Boston,741,"U2, RJ, VY"
21dd170f4bd80000fe573c5e_0|21dd170f4bd80000fe573c5e_1|170f04884bd94be0bc103cb9_0|170f04884bd94be0bc103cb9_1|170f04884bd94be0bc103cb9_2|170f04884bd94be0bc103cb9_3,DXB,BOS,Dubai,Boston,745,"DL, KU"
21dd07f04bd8000066c8f234_0|21dd07f04bd8000066c8f234_1|07f001af4bd900006fdf1fa1_0|01af04884bda0000b8dbf7a6_0,DXB,BOS,Dubai,Boston,747,"RJ, VY"
05e61db84bd8000067eb5ed0_0|1db8065b4bd90000a7555095_0|065b01af4bda0000d0735428_0|01af04884bda0000b8dbf7a6_0,SHJ,BOS,Dubai,Boston,749,"G9, W6, VY, PC"
21dd170f4bd8000007331822_0|21dd170f4bd8000007331822_1|170f04884bd94be0bc103cb9_0|170f04884bd94be0bc103cb9_1|170f04884bd94be0bc103cb9_2|170f04884bd94be0bc103cb9_3,DXB,BOS,Dubai,Boston,764,"DL, GF"
05e61db84bd8000067eb5ed0_0|1db8032d4bd90000c7734e44_0|032d125b4bd90000f1c1065b_0|125b04884bda0000b508a929_0,SHJ,BOS,Dubai,Boston,775,"G9, FR, EI, PC"
21dd10074bd800009db698ca_0|100719b14bd90000d89b4f94_0|19b101af4bd90000c1996dfa_0|01af04884bda0000b8dbf7a6_0,DXB,BOS,Dubai,Boston,801,"FZ, W6, VY"
21dd0b774bd8000072f8123a_0|0b7701af4bd9000063b35f27_0|01af04884bda0000b8dbf7a6_0,DXB,BOS,Dubai,Boston,829,"W6, VY"
21dd0b774bd8000072f8123a_0|0b7722f54bd9000003dfcf58_0|22f5062e4bda000067afd6b2_0|062e04884bda0000c2d418b5_0,DXB,BOS,Dubai,Boston,835,"U2, W6, OG"
21dd0b774bd8000072f8123a_0|0b7701af4bd9000028746c7c_0|01af04884bda0000b8dbf7a6_0,DXB,BOS,Dubai,Boston,838,"W6, FR, VY"
21dd0b774bd8000072f8123a_0|0b7718ff4bd9000009f5f4da_0|18ff062e4bda000079799af3_0|062e04884bda0000c2d418b5_0,DXB,BOS,Dubai,Boston,839,"U2, W6, OG"
21dd0b774bd8000072f8123a_0|0b7722f54bd90000e972c6d7_0|22f5062e4bda000067afd6b2_0|062e04884bda0000c2d418b5_0,DXB,BOS,Dubai,Boston,844,"U2, W6, OG"
05e61db84bd8000067eb5ed0_0|1db823334bd90000ab11131f_0|233304884bda000079d615ba_0|233304884bda000079d615ba_1,SHJ,BOS,Dubai,Boston,859,"G9, PC, LH"
21dd10db4bd80000dc696119_0|10db07f04bd8000087257343_0|07f0062e4bd9000089fe0130_0|062e04884bd900002bee05d1_0,DXB,BOS,Dubai,Boston,864,"U2, RJ, OG, W6"
21dd0b774bd8000072f8123a_0|0b77032d4bd90000d14d7422_0|032d062e4bd90000142bf1bf_0|062e04884bd900002bee05d1_0,DXB,BOS,Dubai,Boston,868,"W6, FR, OG"
21dd0b774bd8000072f8123a_0|0b77125b4bd900008e6bb8d5_0|125b04884bda0000b508a929_0,DXB,BOS,Dubai,Boston,874,"EI, W6, FR"
21dd07f04bd8000066c8f234_0|21dd07f04bd8000066c8f234_1|07f020a14bda000086e895cf_0|20a104884bda00004daf5540_0,DXB,BOS,Dubai,Boston,877,"RJ, NO, B6"
21dd07f04bd8000066c8f234_0|21dd07f04bd8000066c8f234_1|07f020a14bda000086e895cf_0|20a104884bda0000e1638290_0,DXB,BOS,Dubai,Boston,877,"DL, RJ, NO"
05e61db84bd8000067eb5ed0_0|1db807bb4bd9000081b77813_0|07bb04884bd90000727261c2_0|07bb04884bd90000727261c2_1,SHJ,BOS,Dubai,Boston,908,"G9, OG, PC"
05e612724bd800008e3b4b25_0|127204884bd90000defb86f5_0|127204884bd90000defb86f5_1,SHJ,BOS,Dubai,Boston,916,"G9, TK"
21dd170f4bd80000f11d01fa_0|21dd170f4bd80000f11d01fa_1|170f04884bd94be0bc103cb9_0|170f04884bd94be0bc103cb9_1|170f04884bd94be0bc103cb9_2|170f04884bd94be0bc103cb9_3,DXB,BOS,Dubai,Boston,925,"DL, ME"
21dd12724bd80000c87613e0_0|1272170f4bd90000bf78a94e_0|170f04884bd94be0bc103cb9_0|170f04884bd94be0bc103cb9_1|170f04884bd94be0bc103cb9_2|170f04884bd94be0bc103cb9_3,DXB,BOS,Dubai,Boston,927,"DL, FZ, J9"
21dd10074bd80000d76cf1f4_0|21dd10074bd80000d76cf1f4_1|100704884bda4becf914d97b_0|100704884bda4becf914d97b_1|100704884bda4becf914d97b_2|100704884bda4becf914d97b_3|100704884bda4becf914d97b_4,DXB,BOS,Dubai,Boston,928,"UA, GF"
21dd174d4bd8000012908dfd_0|174d04884bd90000ceb7aee8_0|174d04884bd90000ceb7aee8_1,DXB,BOS,Dubai,Boston,942,"FZ, LH"
21dd12724bd80000cfd4b455_0|127204884bd90000defb86f5_0|127204884bd90000defb86f5_1,DXB,BOS,Dubai,Boston,948,"FZ, TK"
21dd12724bd80000e436843a_0|127204884bd80000493f2721_0|127204884bd80000493f2721_1,DXB,BOS,Dubai,Boston,948,"FZ, TK"
21dd12724bd80000e35b4023_0|127204884bd90000defb86f5_0|127204884bd90000defb86f5_1,DXB,BOS,Dubai,Boston,949,"FZ, TK"
21dd043c4bd80000cb313946_0|043c125b4bd90000b15f75d8_0|043c125b4bd90000b15f75d8_1|125b04884bda0000b508a929_0,DXB,BOS,Dubai,Boston,957,"EI, QR, F3"
21dd12724bd80000e7388892_0|21dd12724bd80000e7388892_1|127204884bd90000defb86f5_0|127204884bd90000defb86f5_1,DXB,BOS,Dubai,Boston,990,"GF, TK"
21dd0b774bd8000072f8123a_0|0b7704884bd94beea257b8af_0|0b7704884bd94beea257b8af_1|0b7704884bd94beea257b8af_2|0b7704884bd94beea257b8af_3,DXB,BOS,Dubai,Boston,1015,"DL, W6"
21dd043c4bd80000cb313946_0|043c20a14bd9000023362252_0|043c20a14bd9000023362252_1|20a104884bda0000427e6ecf_0,DXB,BOS,Dubai,Boston,1015,"F3, B6, ET"
21dd043c4bd80000cb313946_0|043c20a14bd9000023362252_0|043c20a14bd9000023362252_1|20a104884bda0000b21f263a_0,DXB,BOS,Dubai,Boston,1015,"DL, F3, ET"
21dd0b774bd8000072f8123a_0|0b7704884bd94be732479dc4_0|0b7704884bd94be732479dc4_1|0b7704884bd94be732479dc4_2|0b7704884bd94be732479dc4_3,DXB,BOS,Dubai,Boston,1018,"DL, W6"
21dd0b774bd8000072f8123a_0|0b7704884bd94be72c988d8e_0|0b7704884bd94be72c988d8e_1|0b7704884bd94be72c988d8e_2|0b7704884bd94be72c988d8e_3,DXB,BOS,Dubai,Boston,1021,"KL, W6"
21dd0b774bd8000072f8123a_0|0b7704884bd94be60e0f8fa4_0|0b7704884bd94be60e0f8fa4_1|0b7704884bd94be60e0f8fa4_2|0b7704884bd94be60e0f8fa4_3,DXB,BOS,Dubai,Boston,1021,"W6, LH"
21dd10074bd80000f78ca2d7_0|100722f54bd800001439ef43_0|22f504884bd90000f5aeb5b7_0|22f504884bd90000f5aeb5b7_1,DXB,BOS,Dubai,Boston,1022,"EI, LY, W9"
21dd0b774bd8000072f8123a_0|0b7704884bd94bee9d158d8b_0|0b7704884bd94bee9d158d8b_1|0b7704884bd94bee9d158d8b_2|0b7704884bd94bee9d158d8b_3,DXB,BOS,Dubai,Boston,1025,"KL, W6"
21dd10074bd80000f78ca2d7_0|100704884bd94bf310cb7671_0|100704884bd94bf310cb7671_1|100704884bd94bf310cb7671_2|100704884bd94bf310cb7671_3,DXB,BOS,Dubai,Boston,1033,"UA, LY"
21dd10074bd80000f78ca2d7_0|1007065b4bd800006a01ae36_0|065b04884bd90000a84b2c41_0|065b04884bd90000a84b2c41_1,DXB,BOS,Dubai,Boston,1036,"RO, LY, LH"
21dd10074bd84bdd6a9b2574_0|21dd10074bd84bdd6a9b2574_1|100704884bd94bfb76f80528_0|100704884bd94bfb76f80528_1|21dd10074bd84bdd6a9b2574_2|21dd10074bd84bdd6a9b2574_3|100704884bd94bfb76f80528_2|100704884bd94bfb76f80528_3,DXB,BOS,Dubai,Boston,1046,"UA, RJ"
21dd10074bd84bdd6a9b2574_0|21dd10074bd84bdd6a9b2574_1|100704884bd94bf312669c35_0|100704884bd94bf312669c35_1|21dd10074bd84bdd6a9b2574_2|21dd10074bd84bdd6a9b2574_3|100704884bd94bf312669c35_2|100704884bd94bf312669c35_3|100704884bd94bf312669c35_4,DXB,BOS,Dubai,Boston,1048,"UA, RJ"
21dd10074bd80000f78ca2d7_0|100710e84bd80000ae75016a_0|10e804884bd90000b5f59634_0|10e804884bd90000b5f59634_1,DXB,BOS,Dubai,Boston,1052,"HV, LY, EI"
21dd043c4bd80000cb313946_0|043c20a14bd9000023362252_0|043c20a14bd9000023362252_1|20a104884bd900002cd4c65f_0,DXB,BOS,Dubai,Boston,1058,"F3, AA, ET"
21dd10074bd84bdd6a9b2574_0|21dd10074bd84bdd6a9b2574_1|100704884bd94bf38d94c2b3_0|100704884bd94bf38d94c2b3_1|21dd10074bd84bdd6a9b2574_2|21dd10074bd84bdd6a9b2574_3|100704884bd94bf38d94c2b3_2|100704884bd94bf38d94c2b3_3|100704884bd94bf38d94c2b3_4,DXB,BOS,Dubai,Boston,1065,"UA, RJ"
21dd11af4bd800003998ed85_0|21dd11af4bd800003998ed85_1|21dd11af4bd800003998ed85_2|11af04884bd9000005fb3d94_0,DXB,BOS,Dubai,Boston,1072,"UA, ET"
21dd12724bd800005456f8c2_0|127204884bd90000defb86f5_0|127204884bd90000defb86f5_1,DXB,BOS,Dubai,Boston,1076,"KU, TK"
21dd12724bd80000c87613e0_0|127204884bd90000defb86f5_0|127204884bd90000defb86f5_1,DXB,BOS,Dubai,Boston,1077,"FZ, TK"
21dd10074bd84bdde067ab5a_0|21dd10074bd84bdde067ab5a_1|100704884bd94bf310cb7671_0|100704884bd94bf310cb7671_1|21dd10074bd84bdde067ab5a_2|21dd10074bd84bdde067ab5a_3|100704884bd94bf310cb7671_2|100704884bd94bf310cb7671_3,DXB,BOS,Dubai,Boston,1082,"UA, RJ"
21dd10074bd84bdd6a9b2574_0|21dd10074bd84bdd6a9b2574_1|100704884bd94bfc45904cb0_0|100704884bd94bfc45904cb0_1|21dd10074bd84bdd6a9b2574_2|21dd10074bd84bdd6a9b2574_3|100704884bd94bfc45904cb0_2|100704884bd94bfc45904cb0_3,DXB,BOS,Dubai,Boston,1089,"UA, RJ"
21dd10074bd800004b10b66e_0|100704884bd94bf310cb7671_0|100704884bd94bf310cb7671_1|100704884bd94bf310cb7671_2|100704884bd94bf310cb7671_3,DXB,BOS,Dubai,Boston,1101,"FZ, UA"
21dd0b774bd8000072f8123a_0|0b7704884bd90000b99b94ea_0|0b7704884bd90000b99b94ea_1,DXB,BOS,Dubai,Boston,1115,"W6, LH"
21dd12724bd80000e436843a_0|127220a14bd80000f2fdbec1_0|127220a14bd80000f2fdbec1_1|20a104884bd90000f829b966_0,DXB,BOS,Dubai,Boston,1116,"DL, FZ, TK"
21dd0b774bd8000072f8123a_0|0b77125b4bd900000602e7d0_0|125b04884bd900005c32b44d_0,DXB,BOS,Dubai,Boston,1123,"EI, W6, FR"
21dd174d4bd800000770de81_0|174d04884bd90000ceb7aee8_0|174d04884bd90000ceb7aee8_1,DXB,BOS,Dubai,Boston,1128,"J2, LH"
05e612724bd800008e3b4b25_0|127204884bd900009d32fd24_0|127204884bd900009d32fd24_1,SHJ,BOS,Dubai,Boston,1154,"DL, G9"
05e612724bd800008e3b4b25_0|127204884bd900003f393128_0|127204884bd900003f393128_1,SHJ,BOS,Dubai,Boston,1158,"KL, G9"
21dd10db4bd80000db04a500_0|10db065b4bd90000498ad4d6_0|065b04884bd9000025cfc626_0|065b04884bd9000025cfc626_1,DXB,BOS,Dubai,Boston,1175,"RO, RJ, LH"
21dd170f4bd80000fe573c5e_0|21dd170f4bd80000fe573c5e_1|170f04884bd94be0870e97f2_0|170f04884bd94be0870e97f2_1|170f04884bd94be0870e97f2_2|170f04884bd94be0870e97f2_3,DXB,BOS,Dubai,Boston,1474,"DL, KU"
05e61b364bd80000466118aa_0|05e61b364bd80000466118aa_1|1b3604884bd90000c9d19e96_0,SHJ,BOS,Dubai,Boston,1622,"QR, AA"
21dd170f4bd80000092a38be_0|170f04884bd94be0870e97f2_0|170f04884bd94be0870e97f2_1|170f04884bd94be0870e97f2_2|170f04884bd94be0870e97f2_3,DXB,BOS,Dubai,Boston,1715,"DL, EK"
21dd04884bd8000010b20196_0|21dd04884bd8000010b20196_1,DXB,BOS,Dubai,Boston,2824,AA
21dd04884bd80000cb7c76bb_0|21dd04884bd80000cb7c76bb_1,DXB,BOS,Dubai,Boston,4161,BA
